POIID,POIName,Telno,Address,X,Y,Yunlin_Town,Source,FaxNo,OP_DAY,OP_TIME,SpecialStore_Kind,廁所,ANKER,ATM,BEAMS DESIGN,BEAMS DESIGN專區,CITY系列熱燕麥飲,EC自助取件,K·Seren,Mister Donut甜甜圈,OPEN Bar,OPEN iECO循環杯,OPEN! PLAZA專櫃,OPEN! STORE,Watts均一價59元,gogoro,ibon,ibon WiFi,不可思議咖啡,停車場,冷凍交貨便,千禧血壓站,博客來,原賞熱壓土司,哈燒,嚴選素材冷凍鮮物,天素地蔬,天素地蔬複合店,寵物生活專區,座位區,思樂冰,所長茶葉蛋,拋棄式隱形眼鏡,特選咖啡,現烤地瓜,現萃茶,現蒸地瓜,瓜地馬拉豆,甜點專櫃,生鮮蔬菜,精品咖啡,精品威士忌咖啡,精品秤重散糖,糖果屋,美妝,自助微波,茶BAR(多元複合),蒸玉米,蒸食機,藥商執照(快篩試劑),行動電源租賃,超值酒藏,酷聖石霜淇淋,雪淋霜霜淇淋,霹靂DVD,饗喫鍋,高效智慧回收機,黃金滷蛋,Store_URL
998080,七崁,(05)5878541,雲林縣西螺鎮建興路163號1樓,120.45914,23.798382,西螺鎮,7-ELEVEN E-Map / EMapSDK SearchStore,(05)5873358,,24H,,1,0,1,0,0,0,0,0,0,0,0,0,0,0,0,1,1,0,0,1,0,0,0,0,0,1,0,0,1,0,1,0,1,0,1,1,0,1,0,1,1,0,0,0,0,0,0,0,1,1,0,0,1,1,0,0,1,
249153,二崙,(05)5991711,雲林縣二崙鄉崙東村中山路一段269號,120.413842,23.770254,二崙鄉,7-ELEVEN E-Map / EMapSDK SearchStore,(05)5990790,,24H,,0,0,1,0,0,0,1,0,0,0,0,0,0,0,0,1,1,0,0,1,0,1,0,0,0,0,0,1,1,0,0,0,1,0,0,1,0,1,0,1,1,0,0,0,0,0,1,0,1,1,0,0,0,1,1,0,1,
229595,三釗,(05)6225343,雲林縣虎尾鎮中興里中興163之1號,120.455099,23.724146,虎尾鎮,7-ELEVEN E-Map / EMapSDK SearchStore,(05)6226330,,24H,,1,0,1,1,0,0,1,1,0,0,0,1,0,0,0,0,1,0,0,1,0,1,1,0,0,0,0,1,1,0,1,0,1,0,1,1,0,1,0,1,1,0,0,1,1,0,1,0,1,1,0,0,0,1,1,0,1,
266077,三勝,(05)6915771,雲林縣麥寮鄉仁德西路一段37號,120.264826,23.797051,麥寮鄉,7-ELEVEN E-Map / EMapSDK SearchStore,(05)6910342,,24H,,1,0,1,0,0,1,1,0,0,0,0,0,0,0,0,1,1,0,0,1,0,0,0,0,0,1,1,1,1,0,0,0,1,0,0,1,1,1,0,1,1,0,0,0,1,0,1,1,1,1,0,0,0,1,1,0,1,
206581,上慶,(05)5372911,雲林縣斗六市漢口路190.192號,120.540392,23.71261,斗六市,7-ELEVEN E-Map / EMapSDK SearchStore,,,24H,,1,1,1,1,0,1,1,1,1,1,1,1,0,0,1,0,1,1,0,1,0,1,1,1,1,1,1,1,1,1,0,0,1,1,0,0,1,1,0,1,1,1,1,1,1,1,1,0,1,1,0,1,0,1,1,1,1,
980045,于滿,(05)5971920,雲林縣斗南鎮延平路二段581號1樓,120.476037,23.670192,斗南鎮,7-ELEVEN E-Map / EMapSDK SearchStore,(05)5972904,,24H,,1,0,1,0,0,0,0,0,0,0,0,0,0,0,0,1,1,0,0,1,0,0,0,0,0,0,0,0,1,0,0,0,1,0,0,1,0,1,0,1,1,0,0,0,0,0,0,0,1,1,0,0,0,1,0,0,0,
241333,口湖,(05)7891871,雲林縣口湖鄉中正路一段222號,120.182557,23.584746,口湖鄉,7-ELEVEN E-Map / EMapSDK SearchStore,(05)7891645,,24H,,1,1,1,1,0,0,1,0,0,0,0,0,0,0,0,1,1,0,0,1,0,1,0,0,0,1,0,1,1,0,0,1,1,0,1,1,0,1,0,1,1,0,0,0,0,0,0,0,1,1,0,0,0,1,1,0,0,
278634,土庫中正,(05)6627926,雲林縣土庫鎮中正路201號之1,120.391772,23.678453,土庫鎮,7-ELEVEN E-Map / EMapSDK SearchStore,(05)6627296,,24H,,1,0,1,1,0,0,1,0,0,0,0,1,0,0,0,1,1,0,0,1,0,1,0,0,0,0,0,1,1,0,0,1,1,0,1,1,1,1,0,1,0,0,1,0,0,0,0,0,1,1,0,0,0,1,1,0,1,
261555,大屯,(05)6652107,雲林縣虎尾鎮西屯里大屯349號,120.387635,23.702232,虎尾鎮,7-ELEVEN E-Map / EMapSDK SearchStore,(05)2328334,,24H,,1,0,1,1,0,0,0,0,0,0,0,0,0,0,0,1,1,0,0,1,0,0,0,0,0,1,1,0,1,0,0,1,1,0,0,0,0,1,0,1,1,0,0,0,1,0,0,0,1,1,0,0,0,1,1,0,0,
209579,大北勢,(05)5374177,雲林縣斗六市長平路7-32號,120.506105,23.703755,斗六市,7-ELEVEN E-Map / EMapSDK SearchStore,(05)5374243,,24H,,1,0,1,0,1,0,0,0,0,0,0,0,0,1,0,1,1,0,0,1,0,1,1,0,0,0,0,1,1,0,1,1,1,0,1,1,0,1,0,1,1,0,0,0,1,0,0,0,1,1,0,0,0,1,1,0,1,
932437,大美,(05)5843730,雲林縣莿桐鄉大美村大美53號1樓,120.515378,23.737667,莿桐鄉,7-ELEVEN E-Map / EMapSDK SearchStore,(05)5843125,,24H,,1,0,1,0,0,0,1,0,0,0,1,1,0,0,0,1,1,0,0,1,0,0,0,0,0,0,0,1,1,1,0,0,1,0,0,1,0,0,0,1,1,0,0,0,1,0,0,0,1,1,0,0,0,1,1,0,0,
277022,大茄苳,(05)5875560,雲林縣西螺鎮大新210之3號1樓,120.488064,23.790982,西螺鎮,7-ELEVEN E-Map / EMapSDK SearchStore,(05)5878967,,06:00 ~ 23:59,,0,0,1,0,0,0,1,0,0,0,0,0,0,0,0,1,1,0,0,1,0,0,0,0,0,0,0,0,1,0,1,0,0,0,0,1,0,0,0,0,1,0,0,0,0,0,0,0,1,1,0,0,0,1,1,0,0,
153951,大埤,(05)5911189,雲林縣大埤鄉南和村6鄰民生路32號,120.42814,23.644563,大埤鄉,7-ELEVEN E-Map / EMapSDK SearchStore,(05)5910067,,24H,,1,0,1,1,0,1,1,0,0,0,0,0,0,0,1,1,1,0,0,1,0,0,0,0,0,1,0,0,1,0,1,0,1,0,0,1,1,1,0,1,1,0,0,0,1,0,1,0,1,1,0,0,0,1,1,0,1,
200398,大琬,(05)5917505,雲林縣大埤鄉中正路19號,120.432548,23.645154,大埤鄉,7-ELEVEN E-Map / EMapSDK SearchStore,,,06:00 ~ 23:59,,1,0,1,1,0,0,1,1,0,0,0,0,0,0,0,1,1,0,0,1,0,1,0,0,0,0,0,0,1,0,1,0,1,0,0,0,0,0,0,1,1,0,0,1,1,0,0,0,1,1,0,0,0,1,0,0,1,
231613,小東里,(05)5974065,雲林縣斗南鎮小東里大同路573號,120.468673,23.689885,斗南鎮,7-ELEVEN E-Map / EMapSDK SearchStore,(05)5963547,,24H,,1,0,1,1,0,0,1,1,0,1,1,1,0,0,0,1,1,0,0,1,0,1,1,0,0,0,0,1,1,0,0,0,1,0,0,1,0,1,0,1,1,0,0,1,1,0,0,0,1,1,0,0,0,1,1,1,0,
920478,山好,(05)5223195,雲林縣斗六市崙峰里仁義路52號1樓,120.538149,23.679766,斗六市,7-ELEVEN E-Map / EMapSDK SearchStore,(05)5222182,,24H,,1,0,1,0,0,1,1,0,1,0,0,0,0,0,0,1,1,0,0,1,0,0,0,0,0,1,0,0,1,0,1,1,1,0,1,1,1,1,0,1,1,0,0,0,1,0,1,0,1,1,0,0,0,1,0,0,1,
199142,工專,(05)6333495,雲林縣虎尾鎮中正路307號,120.430048,23.704668,虎尾鎮,7-ELEVEN E-Map / EMapSDK SearchStore,(05)6312009,,24H,,0,0,1,0,0,0,0,0,0,0,1,0,0,0,0,1,1,0,0,1,0,0,0,0,0,0,0,0,1,0,0,0,1,0,0,0,0,1,0,1,1,0,0,0,1,0,1,0,1,1,0,0,0,1,0,0,1,
258755,五條港,(05)6980428,雲林縣台西鄉五港路503號,120.202651,23.71744,,7-ELEVEN E-Map / EMapSDK SearchStore,(05)6984323,,24H,,1,0,1,0,0,1,0,0,0,0,0,0,0,0,0,1,1,0,0,1,0,0,0,0,0,1,1,0,1,1,0,0,1,0,1,1,1,1,0,1,1,0,0,0,1,0,1,1,1,1,0,0,0,1,1,0,1,
269102,元西,(05)7889525,雲林縣元長鄉元西路7-12號,120.310204,23.651256,元長鄉,7-ELEVEN E-Map / EMapSDK SearchStore,,,24H,,1,0,1,1,0,1,1,0,0,0,0,0,0,0,0,1,0,0,0,1,0,0,0,0,0,0,1,1,1,0,1,1,1,1,0,0,1,1,0,1,1,0,0,0,1,0,1,0,0,1,0,0,0,0,1,0,1,
998116,元東,(05)7862645,雲林縣元長鄉下寮村東興路28號1樓,120.333233,23.610029,元長鄉,7-ELEVEN E-Map / EMapSDK SearchStore,(05)7862650,,24H,,0,0,1,0,0,0,0,0,0,0,0,0,0,0,0,1,1,0,0,1,0,1,0,0,0,1,0,0,1,0,0,1,1,0,0,1,0,1,0,1,1,0,0,0,1,0,0,0,0,1,0,0,0,1,1,0,1,
263964,元長,(05)7887853,雲林縣元長鄉長南村7鄰中山路32號.32-2號1F,120.313668,23.649736,元長鄉,7-ELEVEN E-Map / EMapSDK SearchStore,(05)7887840,,24H,,0,1,1,0,0,1,0,0,0,0,0,0,0,0,0,1,1,0,0,1,0,0,0,0,0,1,0,0,1,0,0,0,1,0,0,1,1,0,0,1,1,0,0,0,1,0,0,0,1,1,0,0,0,1,1,0,1,
263953,元祖,(05)7889259,雲林縣元長鄉中山路4-100號,120.31319,23.64584,元長鄉,7-ELEVEN E-Map / EMapSDK SearchStore,,,06:00 ~ 23:59,,1,0,1,1,0,0,1,0,0,0,0,0,0,0,0,1,1,0,0,1,0,1,0,0,0,0,0,1,1,1,1,1,1,0,0,0,0,0,0,1,1,0,0,0,1,0,0,0,1,1,0,0,0,1,0,0,0,
896045,斗六,(05)5347990,雲林縣斗六市大同路41號,120.542094,23.710268,斗六市,7-ELEVEN E-Map / EMapSDK SearchStore,(05)5362634,,24H,,1,0,1,0,0,0,1,0,0,0,1,1,0,0,0,1,1,0,0,1,0,1,0,0,0,0,0,1,1,1,0,0,1,0,0,1,1,1,0,1,1,0,0,0,1,0,0,0,1,1,0,0,0,1,1,0,1,
265292,斗六正心,(05)5514845,雲林縣斗六市西平路362號,120.530471,23.7159,斗六市,7-ELEVEN E-Map / EMapSDK SearchStore,(05)5514070,,06:00 ~ 23:59,,1,1,1,0,1,1,1,0,0,0,0,1,0,1,1,1,1,0,0,1,0,0,0,0,0,1,0,1,1,1,1,1,1,0,0,1,1,1,0,1,1,0,0,0,1,1,1,0,1,1,0,0,1,1,1,0,1,
273662,斗高,(05)5951305,雲林縣斗南鎮小東里17鄰大業路86號,120.476686,23.693651,斗南鎮,7-ELEVEN E-Map / EMapSDK SearchStore,(05)5951672,,24H,,1,1,1,1,0,1,1,0,0,0,1,1,0,0,0,1,1,0,0,1,0,1,0,0,0,1,0,1,1,1,0,1,1,0,1,0,0,1,0,1,1,0,0,0,1,0,1,0,1,1,0,0,0,1,1,1,0,
293297,水林,(05)7854085,雲林縣水林鄉水南村水林路157號159號,120.24547,23.572343,水林鄉,7-ELEVEN E-Map / EMapSDK SearchStore,(05)7854039,,24H,,1,0,1,0,1,0,1,0,0,0,0,1,0,0,0,1,1,0,0,1,0,1,1,0,0,1,0,1,1,0,0,1,1,0,0,0,0,1,0,1,1,0,0,0,0,0,0,0,1,1,0,0,0,1,1,0,0,
110600,冬念,(05)6227318,雲林縣虎尾鎮埒內里林森路一段9鄰39號,120.442983,23.719293,虎尾鎮,7-ELEVEN E-Map / EMapSDK SearchStore,(05)6225203,,06:00 ~ 23:59,,1,0,1,1,0,0,0,0,0,0,0,0,0,0,0,1,1,0,1,1,0,0,0,0,0,0,0,0,1,0,1,1,1,0,0,0,0,0,0,1,1,0,0,0,0,0,0,0,1,1,0,0,0,1,0,0,0,
283027,冬美,(05)6321664,雲林縣虎尾鎮民權路2-3號,120.437051,23.708585,虎尾鎮,7-ELEVEN E-Map / EMapSDK SearchStore,,,24H,,1,0,1,0,0,0,1,0,0,0,0,0,0,0,0,1,1,0,0,1,0,0,1,0,0,1,0,0,1,0,1,0,1,0,1,1,0,1,0,1,1,0,0,0,0,0,1,0,1,1,0,0,0,1,1,0,1,
968115,北英,(05)7826147,雲林縣北港鎮華勝里華勝路212號,120.298419,23.577761,北港鎮,7-ELEVEN E-Map / EMapSDK SearchStore,(05)7824265,,24H,,0,1,1,0,0,1,1,0,0,0,0,0,0,0,0,1,1,0,0,1,0,0,0,0,0,1,0,0,1,0,0,0,1,0,1,0,0,1,0,1,1,0,0,0,0,0,0,0,1,1,0,0,1,1,0,0,0,
850119,北港,(05)7827717,雲林縣北港鎮民主路106號,120.301638,23.568823,北港鎮,7-ELEVEN E-Map / EMapSDK SearchStore,(05)7825695,,24H,,1,1,1,0,0,0,1,0,1,0,0,0,0,0,0,1,1,0,0,1,0,0,0,0,0,1,0,1,1,1,0,0,1,0,0,1,0,1,0,1,1,0,0,0,1,0,0,1,1,1,0,0,0,1,0,0,1,
293079,古坑水碓,(05)5828016,雲林縣古坑鄉水碓村水碓1之1號,120.559576,23.660795,古坑鄉,7-ELEVEN E-Map / EMapSDK SearchStore,(05)5828050,,24H,,1,0,1,1,0,0,1,0,0,0,1,1,0,1,0,1,1,0,0,1,0,1,1,1,0,0,0,0,1,0,1,0,1,0,0,1,0,1,0,1,1,0,0,0,1,0,0,0,1,1,0,0,0,0,1,0,1,
251868,四湖,(05)7875093,雲林縣四湖鄉四湖村中山東路113號,120.225918,23.637504,四湖鄉,7-ELEVEN E-Map / EMapSDK SearchStore,(05)7875084,,24H,,0,0,1,0,0,0,0,0,0,0,0,0,0,0,0,1,1,0,0,1,0,0,0,0,0,0,0,0,1,0,0,0,1,0,0,0,0,0,0,1,1,0,0,0,1,0,0,0,1,1,0,0,0,1,1,0,0,
873400,民樂,(05)7838949,雲林縣北港鎮華勝里28鄰民樂路39號,120.297532,23.573697,北港鎮,7-ELEVEN E-Map / EMapSDK SearchStore,(05)7731175,,24H,,0,0,1,1,0,0,0,0,0,0,0,0,0,0,0,1,1,0,0,1,0,1,0,0,0,0,0,0,1,0,0,1,1,0,0,1,0,1,0,1,1,0,0,0,0,0,0,0,1,1,0,0,0,0,1,0,0,
130202,永昌,(05)5321369,雲林縣斗六市中山路269號,120.538866,23.702844,斗六市,7-ELEVEN E-Map / EMapSDK SearchStore,(05)5362637,,24H,,1,0,1,0,0,0,0,0,0,0,1,1,0,1,0,1,1,0,0,1,0,1,1,0,0,1,0,1,1,1,0,1,1,0,1,1,1,1,0,1,1,0,0,1,1,0,1,0,1,1,0,0,1,1,1,0,0,
283739,永欣,(05)5517759,雲林縣斗六市斗六三路6號,120.538703,23.718127,斗六市,7-ELEVEN E-Map / EMapSDK SearchStore,(05)5517835,,06:00 ~ 23:59,,1,0,1,1,0,0,1,1,0,0,0,1,0,1,0,1,1,0,0,1,0,1,0,0,0,0,0,1,1,1,1,1,1,0,1,1,0,1,0,1,1,0,0,1,1,0,0,0,1,1,0,0,0,1,1,0,0,
257154,永建,(05)5362434,雲林縣斗六市建成路97號99號,120.533949,23.704028,斗六市,7-ELEVEN E-Map / EMapSDK SearchStore,,,24H,,1,0,1,1,0,1,1,1,0,0,0,1,0,0,0,1,1,0,0,1,0,1,0,0,0,0,0,1,1,0,1,0,1,0,1,1,1,1,0,1,0,0,0,0,1,0,1,0,1,1,0,0,0,1,1,0,1,
952349,永茂,(05)6910642,雲林縣麥寮鄉中興村豐安路951號1樓,120.246331,23.797162,麥寮鄉,7-ELEVEN E-Map / EMapSDK SearchStore,(05)6911283,,24H,,1,1,1,0,0,0,1,0,0,0,0,0,0,0,0,1,1,0,0,1,0,0,0,0,0,1,0,0,1,0,0,0,1,0,0,1,0,0,0,1,1,0,0,0,0,0,1,1,1,1,1,0,0,0,0,0,1,
241850,永晟,(05)5878055,雲林縣西螺鎮新安里新興路488號,120.452638,23.786811,西螺鎮,7-ELEVEN E-Map / EMapSDK SearchStore,(05)5872259,,24H,,1,0,1,1,0,1,1,0,0,0,0,1,0,0,0,1,1,0,0,1,0,0,0,0,0,0,0,1,1,1,0,0,1,0,0,1,1,1,0,1,0,0,0,0,1,0,0,0,1,1,0,0,0,1,1,0,1,
200332,永業,(05)5878095,雲林縣西螺鎮振興里振興215號,120.473931,23.784464,西螺鎮,7-ELEVEN E-Map / EMapSDK SearchStore,(05)5876265,,06:00 ~ 23:59,,1,0,1,1,0,0,1,0,0,0,0,0,0,0,0,1,1,0,0,1,0,0,0,0,0,0,0,0,1,0,1,1,1,0,0,0,0,1,0,1,1,0,0,0,1,0,0,1,1,1,0,0,0,0,0,0,1,
255480,伊級,(05)5893565,雲林縣林內鄉大同路20號,120.605209,23.74318,林內鄉,7-ELEVEN E-Map / EMapSDK SearchStore,(05)5893515,,24H,,1,0,1,1,0,1,1,0,0,0,0,1,0,0,0,1,1,0,0,1,0,1,0,0,0,0,0,1,1,1,1,1,1,0,1,1,1,1,0,1,1,0,0,0,0,0,0,0,1,1,0,0,1,1,1,0,1,
920489,好家庭,(05)5576530,雲林縣斗六市榴中里工業路69號,120.58507,23.719708,斗六市,7-ELEVEN E-Map / EMapSDK SearchStore,(05)5576960,,24H,,1,1,1,1,0,0,0,0,0,0,0,0,0,0,0,1,1,0,0,1,0,0,0,0,0,0,1,0,1,0,0,1,1,0,1,1,0,1,0,1,1,0,0,0,1,0,0,0,1,1,0,0,0,1,0,0,0,
131858,宇宸,(05)6320634,雲林縣虎尾鎮清雲路770號,120.426132,23.739407,虎尾鎮,7-ELEVEN E-Map / EMapSDK SearchStore,(05)6321824,,24H,,1,0,1,0,0,0,0,0,0,0,0,0,0,0,0,1,1,0,1,1,0,0,0,0,0,1,0,1,1,1,0,0,1,0,1,1,0,0,0,1,1,0,0,0,1,0,0,1,1,1,0,0,0,1,0,0,0,
968665,安榮,(05)6553792,雲林縣崙背鄉豐榮村1鄰豐榮32之3號,120.3114,23.792588,崙背鄉,7-ELEVEN E-Map / EMapSDK SearchStore,(05)6553796,,24H,,1,1,1,0,0,0,0,0,0,0,0,0,0,0,0,1,1,0,0,1,0,0,0,0,0,0,0,0,1,0,1,0,1,0,0,0,0,1,0,1,1,0,0,0,0,0,0,1,1,1,0,0,0,1,0,0,1,
185475,成苑,(05)5339622,雲林縣斗六市莊敬路345號,120.546382,23.70312,斗六市,7-ELEVEN E-Map / EMapSDK SearchStore,(05)5334979,,24H,,1,0,1,0,0,0,1,0,0,0,0,0,0,0,0,1,1,0,0,0,0,0,0,0,0,0,0,0,1,0,0,1,1,1,1,1,0,1,0,1,1,0,0,0,1,0,1,1,1,1,0,0,0,1,0,0,1,
267748,西螺大同,(05)5879262,雲林縣西螺鎮大同路159號,120.465147,23.800108,西螺鎮,7-ELEVEN E-Map / EMapSDK SearchStore,(05)5877090,,24H,,1,0,1,0,0,0,1,0,0,0,0,0,0,0,0,1,1,0,0,1,0,0,0,0,0,0,0,1,1,0,0,0,1,0,0,1,0,1,0,1,1,0,0,0,1,0,1,0,0,1,0,0,0,0,1,0,0,
881386,快來,(05)6917456,雲林縣麥寮鄉橋頭村橋頭路234號,120.273958,23.796933,麥寮鄉,7-ELEVEN E-Map / EMapSDK SearchStore,(05)6914476,,24H,,1,0,1,1,0,0,1,0,0,0,0,1,0,1,0,1,1,0,0,1,0,0,0,0,0,1,1,1,1,1,0,1,1,0,0,0,0,1,0,1,1,0,0,0,1,0,1,1,1,1,0,0,0,1,1,0,1,
273248,李斯特,(05)6320131,雲林縣虎尾鎮興南里竹圍60號,120.460627,23.697109,虎尾鎮,7-ELEVEN E-Map / EMapSDK SearchStore,(05)6320223,,06:00 ~ 23:59,,0,0,1,1,0,0,1,0,0,0,0,0,0,0,0,1,1,0,1,1,0,0,0,0,0,0,0,0,1,0,1,1,1,1,1,0,0,1,0,1,1,0,0,0,1,0,1,0,1,1,0,0,0,1,0,0,0,
950860,育北,(05)5331163,雲林縣斗六市明德北路一段110號,120.551109,23.717476,斗六市,7-ELEVEN E-Map / EMapSDK SearchStore,(05)5330943,,24H,,1,0,1,0,0,0,0,0,0,0,0,0,0,0,0,1,1,0,0,1,0,0,0,0,0,0,0,0,1,0,0,1,1,0,1,1,0,1,0,1,1,0,0,0,0,0,0,1,1,1,0,0,0,1,0,0,0,
208554,豆油,(05)5870525,雲林縣西螺鎮振興里振興55-3號,120.469214,23.792103,西螺鎮,7-ELEVEN E-Map / EMapSDK SearchStore,(05)5875051,,24H,,1,0,1,1,0,0,1,0,0,0,0,1,0,0,0,1,1,0,0,1,0,1,1,0,1,0,1,1,1,1,0,0,1,0,0,1,0,1,0,1,1,0,0,0,0,0,1,0,1,1,0,0,0,1,1,1,0,
943747,和心,(05)5866552,雲林縣西螺鎮河南里埔心路113-3號,120.442275,23.798148,西螺鎮,7-ELEVEN E-Map / EMapSDK SearchStore,(05)5866652,,24H,,1,0,1,0,0,0,0,0,0,0,0,0,0,0,0,1,1,0,0,1,0,0,0,0,0,1,0,1,1,0,1,0,1,0,0,1,1,1,0,1,1,0,0,0,1,0,1,0,1,1,0,0,0,0,0,0,1,
280350,坤麟,(05)5339597,雲林縣斗六市社口里大學路二段579號,120.542481,23.697562,斗六市,7-ELEVEN E-Map / EMapSDK SearchStore,(05)5362557,,06:00 ~ 23:59,,1,0,1,1,0,0,1,0,0,0,0,0,0,0,0,1,1,0,0,1,0,0,0,0,0,0,0,0,1,0,1,1,1,0,0,1,0,0,0,1,1,0,0,0,1,1,0,0,1,1,0,0,0,1,0,0,1,
182993,宗聖,(05)7839703,雲林縣北港鎮大同路511-1號,120.29307,23.574294,北港鎮,7-ELEVEN E-Map / EMapSDK SearchStore,,,24H,,1,0,1,1,0,0,0,0,0,0,0,0,0,0,0,1,1,0,0,1,0,0,0,0,0,0,0,0,1,1,0,1,1,0,1,0,0,1,0,1,1,0,0,0,1,0,0,0,1,1,0,0,0,1,0,0,0,
982650,宜梧,(05)7905080,雲林縣口湖鄉梧南村光明路31號1樓,120.191301,23.546069,口湖鄉,7-ELEVEN E-Map / EMapSDK SearchStore,(05)7907601,,24H,,1,0,1,0,0,0,0,0,0,0,0,0,0,0,0,1,1,0,0,1,0,0,0,0,0,1,0,0,1,0,0,0,1,0,0,0,0,1,0,1,1,0,0,0,0,0,0,1,1,1,0,0,0,1,0,0,1,
238544,昕美,(05)5334310,雲林縣斗六市民生路170號,120.542269,23.711781,斗六市,7-ELEVEN E-Map / EMapSDK SearchStore,(05)5335584,,24H,,0,0,1,1,0,0,1,0,0,0,0,0,0,0,0,1,1,0,0,1,0,0,0,0,0,1,0,0,1,0,0,1,1,0,0,0,0,1,0,1,1,0,0,0,1,0,0,0,1,1,1,0,0,0,0,0,1,
255273,東禾,(05)5266956,雲林縣古坑鄉東和村文化路145號,120.567367,23.68505,古坑鄉,7-ELEVEN E-Map / EMapSDK SearchStore,,,24H,,1,0,1,0,0,0,1,0,0,0,0,0,0,0,0,1,1,0,0,1,0,0,0,0,0,0,0,0,1,0,1,1,1,0,1,1,0,1,0,1,1,0,0,0,0,0,0,0,1,1,0,0,0,1,1,0,1,
113296,東宇,(05)5343868,雲林縣斗六市文化路538號540號1樓,120.557674,23.712807,斗六市,7-ELEVEN E-Map / EMapSDK SearchStore,(05)5332301,,24H,,1,0,1,1,0,1,1,0,0,0,0,0,0,0,0,1,1,0,0,1,0,0,0,0,0,0,0,0,1,0,1,1,1,0,0,1,0,1,0,1,1,0,0,0,1,0,0,0,1,1,0,0,0,1,0,0,1,
260541,東南,(05)5876546,雲林縣西螺鎮東南路277號1樓,120.449443,23.80207,西螺鎮,7-ELEVEN E-Map / EMapSDK SearchStore,,,06:00 ~ 23:59,,0,0,1,1,0,1,1,0,0,0,0,0,0,1,0,1,1,0,0,1,0,1,0,0,0,0,0,0,1,0,0,0,1,0,0,1,0,1,0,1,0,0,0,0,1,0,0,0,1,1,0,0,0,0,0,0,0,
174246,東尊,(05)6226384,雲林縣虎尾鎮惠來里142-3號,120.489568,23.72355,虎尾鎮,7-ELEVEN E-Map / EMapSDK SearchStore,,,24H,,1,0,1,0,0,1,0,0,0,0,0,0,0,0,0,1,1,0,0,1,0,0,0,0,0,1,0,0,1,0,0,0,1,0,0,0,1,0,0,1,1,0,0,0,1,0,0,0,1,1,0,0,0,1,0,0,0,
260194,東億,(05)6324884,雲林縣虎尾鎮光復路2號,120.454494,23.705074,虎尾鎮,7-ELEVEN E-Map / EMapSDK SearchStore,(05)6324398,,24H,,1,0,1,1,0,1,1,0,0,0,0,0,0,1,0,1,1,0,0,1,0,0,0,0,0,1,1,1,1,0,1,1,1,1,0,0,0,1,1,1,1,1,0,0,1,1,1,0,1,1,0,0,0,0,1,0,1,
259644,林厝,(05)7721008,雲林縣四湖鄉文化路55號,120.177853,23.671376,四湖鄉,7-ELEVEN E-Map / EMapSDK SearchStore,,,24H,,1,0,1,0,0,0,1,0,0,0,0,0,0,0,0,1,1,0,0,1,0,0,1,0,0,0,0,1,0,0,1,0,1,0,1,1,0,1,0,0,0,0,0,0,1,0,1,0,1,1,0,0,0,0,1,0,0,
128254,欣怡,(05)5960866,雲林縣斗南鎮南昌里中山路79號,120.478996,23.675563,斗南鎮,7-ELEVEN E-Map / EMapSDK SearchStore,(05)5963372,,24H,,0,0,1,0,1,0,0,0,1,0,0,1,0,0,0,1,1,0,0,1,0,0,0,0,0,0,0,1,1,0,0,1,1,1,1,1,1,1,0,1,1,0,0,0,0,0,0,0,1,1,0,0,0,1,1,0,1,
185486,欣苑,(05)5330314,雲林縣斗六市莊敬路345號1樓,120.545492,23.703135,斗六市,7-ELEVEN E-Map / EMapSDK SearchStore,(05)5361335,,07:00 ~ 21:00,,0,0,0,0,0,0,0,0,0,0,0,0,0,1,0,1,1,0,0,1,0,0,0,0,0,0,0,0,1,0,1,0,1,0,0,1,0,0,0,1,0,0,0,0,0,0,1,1,1,1,0,0,0,0,0,0,1,
110297,油車,(05)5981135,雲林縣二崙鄉油車村文化路9號1樓,120.389714,23.795051,二崙鄉,7-ELEVEN E-Map / EMapSDK SearchStore,(05)5985302,,24H,,1,1,1,0,0,1,0,0,0,0,0,0,0,0,0,1,1,0,0,1,0,1,1,0,0,1,0,0,1,1,1,0,1,0,0,1,1,1,0,1,1,0,0,0,0,0,0,0,1,1,0,0,0,1,0,0,1,
953445,虎大,(05)6364442,雲林縣虎尾鎮工專路156號,120.425102,23.703127,虎尾鎮,7-ELEVEN E-Map / EMapSDK SearchStore,(05)6361247,,24H,,1,0,1,0,0,0,0,0,1,0,0,1,0,0,0,1,1,0,1,1,0,0,0,0,0,1,0,1,1,1,0,1,1,0,0,1,0,1,0,1,1,0,0,0,0,0,1,1,1,1,0,0,0,1,0,0,1,
234863,虎尾永聖,(05)6322725,雲林縣虎尾鎮廉使里永興南七路79號,120.419865,23.726131,虎尾鎮,7-ELEVEN E-Map / EMapSDK SearchStore,,,24H,,1,0,1,1,0,1,0,0,0,0,1,0,0,0,0,1,1,0,0,1,0,1,0,0,0,0,0,1,1,1,0,1,1,0,1,1,1,1,0,1,1,0,0,0,1,0,0,0,1,1,1,0,0,1,1,0,0,
184380,虎欣,(05)6323746,雲林縣虎尾鎮林森路一段287.289.293號,120.437574,23.713237,虎尾鎮,7-ELEVEN E-Map / EMapSDK SearchStore,,,24H,,1,0,1,1,0,0,1,0,0,0,0,0,0,0,0,1,1,0,0,1,0,0,0,0,0,0,0,0,1,0,0,1,1,1,0,0,0,0,0,1,1,0,0,0,1,0,0,0,1,1,0,0,0,1,0,1,1,
110839,虎威,(05)6326392,雲林縣虎尾鎮光復路122號1樓及成和街2號1樓,120.446785649354,23.7095332671797,虎尾鎮,7-ELEVEN E-Map / EMapSDK SearchStore,(05)6326514,,24H,,0,0,1,0,0,1,1,0,0,0,1,1,0,0,0,1,1,0,0,1,0,1,0,0,0,0,0,0,1,1,1,0,1,0,1,1,1,1,0,1,1,0,0,0,0,0,1,0,1,1,0,0,0,1,1,1,0,
196383,虎真,(05)6312626,雲林縣虎尾鎮穎川里頂南398號,120.41735,23.692126,虎尾鎮,7-ELEVEN E-Map / EMapSDK SearchStore,(05)6325352,,24H,,1,0,1,1,0,0,1,0,0,0,0,0,0,0,0,1,1,0,0,1,0,1,1,0,0,0,0,0,1,0,0,1,1,0,0,1,0,1,0,1,1,0,0,0,1,0,0,0,1,1,0,0,0,1,0,0,1,
261544,虎高,(05)6629672,雲林縣虎尾鎮延平里3鄰中南34之26號,120.405853,23.681236,虎尾鎮,7-ELEVEN E-Map / EMapSDK SearchStore,(05)6629692,,24H,,1,0,1,1,0,0,0,0,0,0,0,0,0,0,0,1,1,0,1,1,0,0,1,0,0,1,0,0,1,1,0,1,1,0,0,1,0,1,0,1,1,0,0,0,1,0,0,0,1,1,0,0,0,1,0,0,1,
210133,虎爺,(05)6325991,雲林縣虎尾鎮學府路39號,120.428011,23.735566,虎尾鎮,7-ELEVEN E-Map / EMapSDK SearchStore,(05)6321572,,06:00 ~ 23:59,,1,1,1,0,0,0,0,0,0,0,0,0,0,0,0,1,1,0,0,1,0,1,0,0,0,0,0,0,1,0,1,0,1,0,0,1,0,1,0,1,1,0,0,0,1,0,1,0,1,1,0,0,0,0,0,0,0,
258191,虎興北,(05)6327478,雲林縣虎尾鎮永興北三路125號,120.421884,23.742666,虎尾鎮,7-ELEVEN E-Map / EMapSDK SearchStore,(05)6327396,,24H,,1,0,1,0,0,1,1,0,0,0,0,1,0,0,0,1,1,0,1,1,0,0,0,0,0,1,0,1,1,0,1,1,1,1,0,0,1,1,0,1,1,0,0,0,1,0,1,0,0,1,0,0,0,0,1,0,0,
243454,金湖村,(05)7970271,雲林縣口湖鄉中正路32.34號1樓,120.149344,23.57518,口湖鄉,7-ELEVEN E-Map / EMapSDK SearchStore,(05)7970131,,24H,,0,0,1,0,0,0,0,0,0,0,1,0,0,0,0,1,1,0,0,1,0,0,0,0,1,0,0,0,0,0,0,0,1,0,0,0,0,0,0,1,1,0,0,0,1,0,0,0,1,1,0,0,0,1,1,0,0,
870870,長旺,(05)6993428,雲林縣東勢鄉東勢東路84號,120.254961,23.674894,東勢鄉,7-ELEVEN E-Map / EMapSDK SearchStore,(05)6993426,,24H,,1,0,1,0,0,0,1,0,0,0,0,0,0,0,0,1,1,0,0,1,1,0,0,0,0,0,0,1,1,0,0,1,1,0,1,1,0,1,0,1,1,0,0,0,1,0,0,0,1,1,0,0,0,1,1,0,0,
153766,保庄,(05)5372683,雲林縣斗六市明德北路三段285號,120.53055,23.709099,斗六市,7-ELEVEN E-Map / EMapSDK SearchStore,(05)5373078,,24H,,1,0,1,0,0,1,0,0,0,0,0,1,0,0,0,1,1,0,0,1,0,0,0,0,0,1,0,1,1,1,1,1,1,0,1,1,1,1,0,1,1,0,0,0,1,0,1,0,1,1,0,0,0,1,1,0,1,
253912,保長,(05)5360729,雲林縣斗六市雲林路二段76號1樓,120.534492,23.705377,斗六市,7-ELEVEN E-Map / EMapSDK SearchStore,(05)5338756,,24H,,1,0,1,0,0,0,0,0,0,0,1,1,0,0,0,1,1,0,0,1,0,1,0,0,0,0,0,1,1,0,0,1,1,0,1,1,0,1,0,1,1,0,0,0,1,0,0,0,1,1,0,0,1,1,1,0,0,
284466,奕維,(05)5968903,雲林縣斗南鎮興國路35.37號1樓,120.480276,23.668184,斗南鎮,7-ELEVEN E-Map / EMapSDK SearchStore,,,06:00 ~ 23:59,,0,0,1,0,0,0,0,0,0,0,1,0,0,0,0,1,1,0,0,1,0,0,0,0,0,0,1,1,1,0,1,0,1,0,0,1,0,0,0,1,1,0,0,0,1,0,0,0,1,1,0,0,0,1,0,1,0,
971568,後安,(05)6930182,雲林縣麥寮鄉後安村後安路201之13號,120.235679,23.787788,麥寮鄉,7-ELEVEN E-Map / EMapSDK SearchStore,(05)6930434,,24H,,1,0,1,1,0,1,0,0,0,0,0,0,0,0,0,1,1,0,0,0,0,0,0,0,0,1,0,1,1,0,0,0,1,0,1,0,0,0,0,1,1,0,0,0,1,0,0,0,1,1,0,0,0,1,1,0,1,
922027,春流,(05)5575671,雲林縣斗六市梅林里梅林路446號1樓,120.596012,23.703428,斗六市,7-ELEVEN E-Map / EMapSDK SearchStore,(05)5572607,,24H,,1,0,1,0,0,0,1,0,0,0,0,0,0,0,0,1,1,0,0,1,0,0,0,0,0,1,0,0,1,1,0,1,1,0,1,1,0,1,0,1,1,0,0,0,1,0,0,0,1,1,0,0,0,0,1,0,0,
250810,星月,(05)7990065,雲林縣口湖鄉福安路26-3號,120.162053,23.618599,口湖鄉,7-ELEVEN E-Map / EMapSDK SearchStore,(05)7990105,,24H,,0,0,1,0,0,0,0,0,0,0,0,1,0,0,0,1,1,0,0,1,0,0,0,0,0,0,0,0,1,0,0,1,1,0,0,1,0,1,0,1,1,0,0,0,0,0,0,0,1,1,0,0,0,1,1,0,1,
968816,星光,(05)5867224,雲林縣西螺鎮公正路15號,120.463055,23.794413,西螺鎮,7-ELEVEN E-Map / EMapSDK SearchStore,(05)5869427,,24H,,1,0,1,0,0,0,0,0,0,0,0,0,0,0,1,1,1,0,0,1,0,0,0,0,0,0,0,0,1,0,0,0,1,0,0,0,0,1,0,1,1,0,0,0,0,0,0,0,1,1,0,0,0,1,1,0,1,
234092,星旺,(05)7852280,雲林縣水林鄉土厝村王厝寮3-6號,120.260087,23.569972,水林鄉,7-ELEVEN E-Map / EMapSDK SearchStore,,,06:00 ~ 23:59,,1,0,1,1,0,0,1,1,0,0,1,1,0,0,0,1,1,0,0,1,0,0,0,0,0,0,0,1,1,0,1,0,0,0,0,1,0,0,0,0,0,0,0,0,1,0,0,0,1,1,0,0,0,0,1,0,0,
238049,星鑫,(05)7993396,雲林縣口湖鄉崙東村中山路96-6號,120.165079,23.617997,口湖鄉,7-ELEVEN E-Map / EMapSDK SearchStore,(05)7993400,,06:00 ~ 23:59,,1,0,1,0,0,1,1,0,0,0,0,0,0,0,0,1,1,0,0,1,0,0,0,0,0,0,0,1,1,0,1,1,0,0,0,0,1,1,0,0,0,0,0,0,1,0,0,0,1,1,0,0,0,1,0,0,0,
259585,科村,(05)5517270,雲林縣斗六市科邨一路236號,120.534978,23.739176,斗六市,7-ELEVEN E-Map / EMapSDK SearchStore,,,24H,,1,0,1,1,0,1,1,0,0,0,0,0,0,1,0,1,0,0,0,1,0,0,1,0,0,1,1,1,1,0,0,0,0,1,0,0,1,1,0,1,1,0,0,0,1,0,1,0,0,1,1,0,0,0,0,0,0,
112558,夏恩,(05)6330135,雲林縣虎尾鎮立仁里復興路137號,120.428712,23.707695,虎尾鎮,7-ELEVEN E-Map / EMapSDK SearchStore,(05)6334769,,24H,,1,0,1,1,0,0,0,1,0,0,1,1,1,1,0,1,1,0,0,1,0,1,0,0,0,0,0,1,1,0,0,1,1,0,0,1,0,1,0,1,1,0,0,1,1,0,0,0,1,1,0,0,1,1,0,0,1,
210177,庫中,(05)6620050,雲林縣土庫鎮復興路92號,120.390091,23.682456,土庫鎮,7-ELEVEN E-Map / EMapSDK SearchStore,(05)6628135,,24H,,1,0,1,0,0,1,1,0,0,0,0,0,0,1,0,1,1,0,0,1,0,1,0,0,0,1,1,1,1,1,0,1,1,0,0,1,0,1,1,1,1,0,0,0,1,0,0,0,0,1,0,0,1,0,1,0,0,
260091,庫高,(05)6626447,雲林縣土庫鎮建國路33-1號,120.397782,23.67933,土庫鎮,7-ELEVEN E-Map / EMapSDK SearchStore,,,24H,,1,0,1,1,0,0,1,0,0,0,0,0,0,1,0,1,1,0,1,1,0,0,0,0,0,0,0,1,1,1,0,1,1,0,1,1,0,1,0,1,0,0,0,0,1,0,0,0,1,1,0,0,1,1,1,0,0,
128634,真嘉,(05)5974106,雲林縣斗南鎮南昌西路1號,120.475704,23.67238,斗南鎮,7-ELEVEN E-Map / EMapSDK SearchStore,(05)5972804,,24H,,1,0,1,1,0,0,1,0,0,0,0,0,1,0,1,1,1,0,0,1,0,0,0,0,0,0,1,0,1,1,1,1,1,0,1,1,1,1,0,1,1,0,0,0,1,0,1,0,1,1,0,0,0,1,1,0,1,
901684,馬光,(05)6656300,雲林縣土庫鎮南平里馬光路69號,120.356684,23.705497,土庫鎮,7-ELEVEN E-Map / EMapSDK SearchStore,(05)6657401,,24H,,1,0,1,1,0,0,0,0,0,0,0,1,0,0,0,1,1,0,0,1,0,1,0,0,0,1,1,0,1,0,0,1,1,0,0,1,0,1,0,1,1,0,0,0,1,0,1,0,1,1,0,0,0,1,1,0,1,
242613,高南,(05)6320068,雲林縣虎尾鎮科園路180號,120.409359,23.726888,虎尾鎮,7-ELEVEN E-Map / EMapSDK SearchStore,,,24H,,1,0,1,1,0,0,0,0,0,0,1,1,0,0,0,1,1,0,0,1,0,1,0,0,0,0,0,1,1,0,0,1,1,0,0,1,0,1,0,1,1,0,0,0,1,1,1,0,1,1,0,0,0,1,1,0,1,
114808,晟安,(05)5712839,雲林縣莿桐鄉饒平村饒平路2之2號,120.521632,23.777093,莿桐鄉,7-ELEVEN E-Map / EMapSDK SearchStore,(05)5712872,,24H,,1,0,1,0,0,0,0,0,0,0,1,0,0,0,0,1,1,0,0,1,0,1,1,0,0,0,0,1,1,0,0,1,1,0,0,1,0,1,0,1,1,0,0,0,0,0,1,0,1,1,0,0,0,1,1,0,0,
227946,晟家,(05)5517906,雲林縣斗六市長安西路1之5號,120.533388,23.733866,斗六市,7-ELEVEN E-Map / EMapSDK SearchStore,(05)5518200,,24H,,1,0,1,1,0,1,0,1,0,0,1,0,0,0,0,1,1,0,0,1,0,0,0,0,1,1,0,1,1,0,1,1,1,0,0,0,0,1,0,1,1,0,0,1,1,0,0,0,1,1,0,0,0,0,1,0,1,
121828,晟泰,(05)6365446,雲林縣虎尾鎮光復路521號,120.430794638886,23.712838278454697,虎尾鎮,7-ELEVEN E-Map / EMapSDK SearchStore,(05)6314637,,24H,,0,0,1,0,0,0,1,0,0,0,1,1,0,0,0,1,1,0,0,1,0,1,0,0,0,0,0,1,1,0,0,0,1,0,0,1,0,1,0,1,1,0,0,0,1,0,0,0,1,1,0,0,0,1,1,0,1,
971096,晟業,(05)5518278,雲林縣斗六市萬年路592號,120.552469716841,23.7310903438662,斗六市,7-ELEVEN E-Map / EMapSDK SearchStore,(05)5517486,,24H,,1,0,1,0,0,0,1,0,0,0,0,0,0,0,0,1,1,0,0,1,0,0,0,0,0,0,0,0,1,0,1,1,1,0,0,0,0,1,0,1,1,0,0,0,1,0,0,1,1,1,0,0,0,1,0,0,1,
234254,晟樂,(05)5964531,雲林縣斗南鎮延平路一段261號,120.480429,23.689494,斗南鎮,7-ELEVEN E-Map / EMapSDK SearchStore,,,24H,,1,0,1,1,0,0,0,0,0,0,1,1,0,0,0,1,1,0,0,1,0,1,1,0,0,0,0,1,1,0,1,0,1,0,0,1,0,1,0,1,1,0,0,0,1,0,0,0,1,1,0,0,0,1,0,0,1,
972505,崙中,(05)6961671,雲林縣崙背鄉南陽村中山路489號,120.347717,23.761771,崙背鄉,7-ELEVEN E-Map / EMapSDK SearchStore,(05)6967037,,24H,,1,0,1,1,0,0,0,0,0,0,0,0,0,0,0,1,1,0,0,1,0,1,0,0,0,1,0,0,1,1,0,0,1,0,0,1,0,1,0,1,1,0,0,0,0,0,0,0,1,1,0,0,1,1,0,0,1,
952545,崙多,(05)6963416,雲林縣崙背鄉東明村正義路194號,120.356865,23.761292,崙背鄉,7-ELEVEN E-Map / EMapSDK SearchStore,(05)6961841,,24H,,1,0,1,0,0,1,0,0,1,0,0,0,0,0,0,1,1,0,0,1,0,0,1,0,0,0,0,0,1,0,0,0,1,0,1,0,1,0,0,1,1,0,0,0,0,0,0,1,1,1,0,0,0,1,1,0,1,
871839,崙背,(05)6960475,雲林縣崙背鄉南光路3號,120.353306,23.759298,崙背鄉,7-ELEVEN E-Map / EMapSDK SearchStore,(05)6960489,,24H,,1,0,1,0,0,0,1,0,0,0,0,0,0,0,0,1,1,0,0,1,0,0,0,0,0,1,0,0,1,0,0,0,1,0,1,0,0,0,0,1,1,0,0,0,0,0,1,0,1,1,0,0,0,1,0,0,0,
259068,崙峰,(05)5221971,雲林縣斗六市仁義路37號,120.538962,23.682308,斗六市,7-ELEVEN E-Map / EMapSDK SearchStore,,,24H,,1,0,1,1,0,1,1,0,0,0,0,0,0,0,0,1,0,0,0,1,0,0,0,0,0,1,1,1,1,0,1,1,0,1,0,0,1,1,0,1,1,0,0,0,1,0,1,0,0,0,0,0,0,0,1,0,1,
257969,御豪,(05)6320972,雲林縣虎尾鎮新生路146號,120.4352,23.707023,虎尾鎮,7-ELEVEN E-Map / EMapSDK SearchStore,,,24H,,0,0,1,0,0,1,1,0,0,0,0,0,0,0,0,1,1,0,0,1,0,1,0,0,0,0,0,1,1,0,1,1,1,0,1,1,1,1,0,1,0,0,0,0,1,0,1,0,1,1,0,0,0,0,1,0,1,
194907,頂豐,(05)5571941,雲林縣斗六市榴南里斗工十路62號,120.589665,23.713401,斗六市,7-ELEVEN E-Map / EMapSDK SearchStore,,,24H,,1,1,1,1,0,0,0,0,0,0,0,0,0,0,0,1,1,0,0,1,0,1,0,0,0,1,0,0,1,0,1,1,1,0,1,1,0,1,0,1,1,0,0,0,1,0,0,1,1,1,0,0,0,0,0,0,1,
207562,麥中,(05)6939753,雲林縣麥寮鄉麥豐村中山路437巷1號,120.246194,23.750419,麥寮鄉,7-ELEVEN E-Map / EMapSDK SearchStore,(05)6939793,,24H,,1,0,1,1,0,1,0,0,0,0,0,1,0,0,0,1,1,0,0,1,0,1,0,0,0,1,0,0,1,1,0,1,1,0,0,1,0,0,0,1,1,0,0,0,0,0,0,0,1,1,0,0,1,1,0,0,1,
951922,麥鄉,(05)6937775,雲林縣麥寮鄉中興路78-3號,120.252146,23.752986,麥寮鄉,7-ELEVEN E-Map / EMapSDK SearchStore,(05)6930838,,24H,,1,0,1,0,0,0,0,0,0,0,0,0,0,0,0,1,1,0,1,1,0,0,0,0,0,1,0,0,1,1,0,1,1,0,1,1,0,0,0,1,1,0,0,0,0,0,1,0,1,1,0,0,0,1,0,0,1,
273396,麥福,(05)6812960,雲林縣麥寮鄉台塑工業園區1號,120.213011,23.801189,麥寮鄉,7-ELEVEN E-Map / EMapSDK SearchStore,,、週六/日不營業,06:30 ~ 22:00,,0,0,0,0,0,0,1,0,0,0,0,0,0,0,0,1,1,0,0,1,0,0,0,0,0,1,0,0,0,0,0,0,1,0,0,0,0,0,0,0,0,0,0,0,0,0,0,0,1,1,0,0,0,0,0,0,0,
863551,麥寮,(05)6934538,雲林縣麥寮鄉麥津村中山路196號,120.256322,23.748619,麥寮鄉,7-ELEVEN E-Map / EMapSDK SearchStore,(05)6935180,,24H,,1,0,1,0,0,0,1,0,0,0,0,0,0,0,0,1,1,0,0,1,0,0,1,0,0,1,0,1,1,0,0,1,1,0,0,1,0,1,0,1,1,0,0,0,1,0,1,0,1,1,0,0,0,0,1,0,1,
969060,麥豐,(05)6938623,雲林縣麥寮鄉新興路27之5號,120.251367,23.746105,麥寮鄉,7-ELEVEN E-Map / EMapSDK SearchStore,(05)6938814,,24H,,1,0,1,1,0,0,0,0,0,0,0,0,0,0,0,1,1,0,0,1,0,0,0,0,0,1,0,1,1,1,0,1,1,0,1,1,0,1,0,1,1,0,0,0,0,0,0,0,1,1,0,0,0,1,0,0,1,
990466,凱瑄,(05)5962353,雲林縣斗南鎮西岐里大同路135號1樓,120.474739,23.67926,斗南鎮,7-ELEVEN E-Map / EMapSDK SearchStore,(05)5962437,,24H,,1,0,1,0,0,0,1,0,0,0,0,0,0,0,1,1,1,0,0,1,0,1,0,0,0,0,0,0,1,0,0,1,1,0,0,1,1,1,0,1,1,0,0,0,0,0,0,0,1,1,0,0,0,1,1,0,0,
110611,富來,(05)5874084,雲林縣西螺鎮新豐里13鄰新社320-8號,120.446155646524,23.7864035353724,西螺鎮,7-ELEVEN E-Map / EMapSDK SearchStore,(05)5873533,,24H,,1,1,1,1,0,1,0,0,0,0,0,0,0,0,0,1,1,0,0,1,0,1,1,0,0,1,1,1,1,0,1,1,1,0,1,1,1,1,0,1,1,0,0,0,0,0,1,0,1,1,0,1,0,1,1,1,1,
958635,富登,(05)6914014,雲林縣麥寮鄉仁德東路577號1樓,120.280044,23.795528,麥寮鄉,7-ELEVEN E-Map / EMapSDK SearchStore,(05)6911488,,24H,,1,0,1,1,0,0,1,0,0,0,1,1,0,0,0,1,1,0,0,1,0,1,0,0,0,0,0,1,1,1,1,0,1,0,0,1,0,1,0,1,1,0,0,0,1,0,1,0,1,1,0,0,0,1,1,0,1,
830698,富盟,(05)5336375,雲林縣斗六市文化路304號306號,120.552529,23.711521,斗六市,7-ELEVEN E-Map / EMapSDK SearchStore,(05)5362636,,24H,,0,0,1,0,0,0,0,0,0,0,0,0,0,0,0,1,1,0,0,1,0,1,0,0,0,0,0,1,1,1,0,1,1,0,0,0,0,1,0,1,1,0,0,0,1,0,0,0,1,1,0,0,0,1,1,0,0,
963062,景雄,(05)5514863,雲林縣斗六市虎溪里西平路521號,120.525654,23.721447,斗六市,7-ELEVEN E-Map / EMapSDK SearchStore,(05)5515042,,24H,,1,0,1,0,0,0,1,0,0,0,0,0,0,0,0,1,1,0,0,1,0,1,0,0,0,0,0,1,1,0,1,1,1,0,0,1,0,1,0,1,1,0,0,0,0,0,0,0,1,1,0,0,0,1,1,0,1,
189226,朝天宮,(05)7824873,雲林縣北港鎮東華里中山路150號,120.304738,23.567178,北港鎮,7-ELEVEN E-Map / EMapSDK SearchStore,(05)7824905,,24H,,0,1,1,0,0,0,0,0,0,0,0,0,0,0,0,1,1,0,0,1,0,1,0,0,0,0,0,1,1,0,1,0,1,0,1,1,0,0,0,1,1,0,0,0,1,0,0,0,1,1,1,0,0,1,0,0,0,
208886,湖東,(05)7894628,雲林縣口湖鄉中正路一段136號,120.184871,23.582791,口湖鄉,7-ELEVEN E-Map / EMapSDK SearchStore,(05)7894860,,06:00 ~ 23:59,,1,0,1,1,0,0,0,0,0,0,0,0,0,0,0,0,1,0,0,1,0,1,0,0,0,0,0,0,1,0,1,0,1,0,0,1,0,0,0,1,1,0,0,0,1,0,0,0,1,1,0,0,0,1,1,0,0,
943367,雲南,(05)5970835,雲林縣斗南鎮中興路160號,120.469039,23.677868,斗南鎮,7-ELEVEN E-Map / EMapSDK SearchStore,(05)5970548,,24H,,1,1,1,1,0,0,1,1,0,0,0,1,0,1,0,1,1,0,0,1,0,1,0,0,0,0,0,1,1,1,1,1,1,0,0,1,0,1,0,1,1,0,0,1,1,0,1,0,1,1,0,0,0,1,1,0,1,
199337,雲桐,(05)5850490,雲林縣莿桐鄉莿桐村中山路70號72號1樓,120.49988,23.756498,莿桐鄉,7-ELEVEN E-Map / EMapSDK SearchStore,(05)5848737,,24H,,1,0,1,0,0,0,1,0,0,0,0,0,0,0,0,1,1,0,0,1,0,0,0,0,0,0,0,0,1,0,1,0,1,0,0,0,0,1,0,1,1,0,0,0,0,0,0,0,1,1,0,0,0,1,0,0,1,
170716,雲龍,(05)5377613,雲林縣斗六市龍潭路14-1號,120.529343,23.692121,斗六市,7-ELEVEN E-Map / EMapSDK SearchStore,(05)5362269,,24H,,1,0,1,0,0,0,1,0,0,0,0,0,0,1,0,1,1,0,0,1,0,0,0,0,0,1,0,0,1,0,1,0,1,0,1,1,0,1,0,1,1,0,0,0,1,0,0,0,1,1,0,0,0,1,1,0,1,
197571,雲醫,(05)5337452,雲林縣斗六市雲林路二段627號,120.525095,23.698579,斗六市,7-ELEVEN E-Map / EMapSDK SearchStore,(05)5332085,,06:00 ~ 23:59,,1,0,1,0,0,0,1,0,0,0,1,0,0,0,0,1,1,0,0,1,0,0,0,0,0,1,0,0,1,0,1,1,1,0,1,1,0,0,0,1,1,0,0,0,1,0,0,0,1,1,0,0,0,1,0,0,0,
252137,圓真,(05)6327941,雲林縣虎尾鎮信義路52號及三民路93號,120.437754,23.711109,虎尾鎮,7-ELEVEN E-Map / EMapSDK SearchStore,(05)6327269,,24H,,1,0,1,1,0,0,0,0,0,0,0,0,0,0,0,1,1,0,0,1,0,1,0,0,0,0,0,0,1,0,0,0,1,0,0,1,0,1,0,1,1,0,0,0,0,0,0,0,1,1,0,0,0,1,1,0,0,
954297,新古坑,(05)5827582,雲林縣古坑鄉中山路201號,120.561913,23.646336,古坑鄉,7-ELEVEN E-Map / EMapSDK SearchStore,(05)5828748,,24H,,1,0,1,0,0,1,0,0,1,0,1,0,0,0,0,1,1,0,0,1,0,0,1,0,0,0,0,0,1,0,1,0,1,0,1,0,1,1,0,1,1,0,0,0,1,0,1,0,1,1,0,0,0,1,1,0,1,
115878,新台西,(05)6982903,雲林縣台西鄉海南村民族路16-7號1樓,120.19831,23.699471,,7-ELEVEN E-Map / EMapSDK SearchStore,(05)6986640,,24H,,1,1,1,0,0,1,1,0,0,0,0,1,0,0,0,1,1,0,0,1,0,1,0,0,0,1,0,1,1,0,1,0,1,1,0,0,0,1,0,1,1,0,0,0,1,0,0,0,1,1,0,0,0,0,1,0,0,
249577,新安慶,(05)6313445,雲林縣虎尾鎮民主路52-1號,120.432244640158,23.7025492425805,虎尾鎮,7-ELEVEN E-Map / EMapSDK SearchStore,(05)6331170,,06:00 ~ 23:59,,0,0,1,0,0,0,1,0,0,0,0,0,0,0,0,1,1,0,0,1,0,0,1,0,0,1,0,0,1,0,1,0,1,0,0,1,0,0,0,1,1,0,0,0,0,0,0,0,1,1,0,0,0,1,0,0,0,
279383,新東立,(05)5362367,雲林縣斗六市成功路286號288號290號,120.55139,23.704966,斗六市,7-ELEVEN E-Map / EMapSDK SearchStore,(05)5361579,,24H,,1,0,1,0,0,0,1,0,0,0,0,1,1,1,0,1,1,0,0,1,0,1,0,0,1,1,0,1,1,1,0,1,1,0,0,1,0,1,0,1,1,0,0,0,1,0,0,0,1,1,0,0,0,0,1,0,0,
967525,新林內,(05)5899113,雲林縣林內鄉中正路373號375號,120.613312,23.755718,林內鄉,7-ELEVEN E-Map / EMapSDK SearchStore,(05)5898217,,24H,,1,0,1,1,0,0,1,0,0,0,0,0,0,0,0,1,1,0,0,1,1,0,0,0,0,0,0,0,1,0,0,1,1,0,0,0,0,1,0,1,1,0,0,0,0,0,0,0,1,1,0,0,0,1,0,0,0,
261854,新湖,(05)6321877,雲林縣虎尾鎮林森路二段475號,120.424793,23.698703,虎尾鎮,7-ELEVEN E-Map / EMapSDK SearchStore,(05)6325468,,24H,,0,1,1,0,0,0,0,0,0,0,0,0,0,0,0,1,1,0,0,1,0,0,1,0,0,0,0,0,1,0,1,0,0,0,0,1,0,0,0,0,0,0,0,0,0,0,1,0,1,1,0,0,0,1,0,1,0,
982432,新莿桐,(05)5841479,雲林縣莿桐鄉莿桐村中正路62-2號,120.502064,23.757086,莿桐鄉,7-ELEVEN E-Map / EMapSDK SearchStore,(05)5849246,,24H,,1,0,1,0,0,0,0,0,0,0,0,0,0,0,0,1,1,0,0,1,0,1,0,0,0,0,0,0,1,1,0,0,1,0,1,0,0,1,0,1,1,0,0,0,0,0,0,0,1,1,0,0,0,1,0,0,1,
233468,新德,(05)7839841,雲林縣北港鎮新德路78號,120.302949,23.586032,北港鎮,7-ELEVEN E-Map / EMapSDK SearchStore,(05)7835987,,24H,,1,1,1,1,0,0,1,1,0,0,0,1,0,0,0,1,1,0,0,1,1,1,1,0,0,0,0,1,1,1,0,1,1,0,0,1,0,1,0,1,1,0,0,1,1,1,0,0,1,1,0,0,0,1,1,0,1,
257626,義崙,(05)5980946,雲林縣二崙鄉中山路228號,120.410329,23.768763,二崙鄉,7-ELEVEN E-Map / EMapSDK SearchStore,,,06:00 ~ 23:59,,1,0,1,1,0,1,1,0,0,0,0,0,0,0,0,1,1,0,0,1,0,0,0,0,0,1,0,1,1,0,1,0,1,0,0,1,1,1,0,1,1,0,0,0,1,0,1,0,0,1,0,0,0,0,1,0,0,
277538,聖淳,(05)7874536,雲林縣四湖鄉四湖村15鄰環湖東路1號,120.225728,23.634235,四湖鄉,7-ELEVEN E-Map / EMapSDK SearchStore,(05)7877180,,24H,,1,1,1,0,0,0,1,0,0,0,0,0,0,0,0,1,1,0,0,0,0,0,0,0,0,1,1,0,1,0,0,1,1,0,0,1,0,1,0,1,1,0,0,0,0,0,0,0,1,1,0,0,0,1,1,1,1,
293655,榮家,(05)5361842,雲林縣斗六市林頭里榮譽路132號,120.5563,23.704382,斗六市,7-ELEVEN E-Map / EMapSDK SearchStore,(05)5361758,,24H,,1,0,1,0,0,1,1,0,0,0,0,0,0,1,0,1,1,0,0,1,0,0,0,0,0,1,1,1,1,0,1,0,1,1,0,0,1,1,0,1,0,0,0,0,1,0,1,0,0,1,0,0,0,0,1,0,1,
293884,榴中,(05)5574583,雲林縣斗六市中興路15號一樓,120.581961,23.723331,斗六市,7-ELEVEN E-Map / EMapSDK SearchStore,,,24H,,1,0,1,0,0,1,1,0,0,0,0,0,0,0,0,1,1,0,0,1,0,0,0,0,0,0,1,1,1,0,0,0,1,1,0,0,1,1,0,1,1,0,0,0,1,0,0,0,0,1,0,0,0,0,1,0,1,
880567,福懋,(05)5576345,雲林縣斗六市石榴路196之1號,120.587218,23.725782,斗六市,7-ELEVEN E-Map / EMapSDK SearchStore,(05)5576348,,24H,,0,1,1,0,0,0,0,0,0,0,0,0,0,0,0,1,1,0,0,1,0,0,0,0,0,0,0,0,1,0,0,1,1,0,0,0,0,1,0,1,1,0,0,0,1,0,1,0,1,1,0,0,0,0,0,0,0,
968229,福懋科,(05)5571842,雲林縣斗六市河南街319號,120.575959,23.712479,斗六市,7-ELEVEN E-Map / EMapSDK SearchStore,(05)5574108,,24H,,0,0,0,0,0,0,1,0,0,0,0,0,0,0,0,1,0,0,0,1,0,0,0,0,0,1,0,0,0,0,1,0,1,0,1,0,0,0,0,1,0,0,0,0,1,0,1,1,1,0,0,0,0,0,0,0,1,
193292,福懋興,(05)5573400,雲林縣斗六市石榴路317號,120.588016,23.727302,斗六市,7-ELEVEN E-Map / EMapSDK SearchStore,(05)5576443,,07:00 ~ 01:00,,0,0,1,0,0,0,1,0,0,0,0,0,0,0,0,1,1,0,0,1,0,0,0,0,0,0,0,0,1,0,0,1,0,0,0,0,0,0,0,0,0,0,0,0,1,0,0,0,1,1,0,0,0,0,0,0,0,
241377,劍湖,(05)5821196,雲林縣古坑鄉永昌村永興路145號,120.549822,23.623881,古坑鄉,7-ELEVEN E-Map / EMapSDK SearchStore,(05)5827728,,24H,,1,0,1,1,0,0,1,0,0,0,0,0,0,0,0,1,1,0,0,1,0,0,0,0,0,1,0,0,1,1,0,1,1,0,0,1,0,1,0,1,1,0,0,1,0,0,1,0,1,1,0,0,0,1,0,0,0,
991920,廣濟,(05)5264860,雲林縣古坑鄉東和村廣濟路78號78之1號,120.569761,23.682899,古坑鄉,7-ELEVEN E-Map / EMapSDK SearchStore,(05)5264811,,24H,,1,0,1,0,0,0,0,0,0,0,0,1,0,0,0,1,1,0,0,1,0,1,0,0,0,0,0,0,1,0,0,1,1,0,1,1,0,1,0,1,1,0,0,0,0,0,0,0,1,1,0,0,0,1,1,0,0,
273709,褒忠,(05)6978101,雲林縣褒忠鄉中正路99號1樓,120.313357,23.695069,褒忠鄉,7-ELEVEN E-Map / EMapSDK SearchStore,(05)6978106,,24H,,1,1,1,1,0,0,1,1,0,0,1,0,0,0,0,1,1,0,0,1,0,0,0,0,0,0,0,1,1,1,0,1,1,0,0,1,0,0,0,1,1,0,0,1,0,0,0,0,1,1,0,0,0,1,0,0,1,
285023,褒旺,(05)6974287,雲林縣褒忠鄉中正路456之1號,120.305863,23.692545,褒忠鄉,7-ELEVEN E-Map / EMapSDK SearchStore,,,06:00 ~ 23:59,,1,1,1,0,1,0,1,0,0,1,1,0,0,0,0,1,1,0,0,1,1,1,0,0,0,0,0,1,1,0,1,0,1,0,0,1,0,1,0,1,1,0,0,0,1,1,1,0,1,1,0,0,0,1,0,0,0,
228400,儒虎,(05)6329389,雲林縣虎尾鎮新吉里新吉30之5號,120.423254,23.703947,虎尾鎮,7-ELEVEN E-Map / EMapSDK SearchStore,(05)6329283,,24H,,1,0,1,1,0,0,0,0,0,0,0,0,0,0,0,1,1,0,0,1,0,1,0,0,0,0,0,0,1,0,0,0,1,0,0,1,0,0,0,1,1,0,0,0,1,0,0,0,1,1,0,0,0,0,1,1,1,
278162,樹子腳,(05)5843521,雲林縣莿桐鄉和平路28號,120.501822,23.759206,莿桐鄉,7-ELEVEN E-Map / EMapSDK SearchStore,(05)5847061,,06:00 ~ 23:59,,1,0,1,0,1,0,1,0,0,0,0,0,0,0,0,1,1,0,0,1,0,1,1,0,1,1,1,0,1,0,1,0,1,0,1,1,0,1,0,1,1,0,0,0,0,0,0,0,1,1,0,0,0,0,0,0,0,
872522,興平,(05)5870936,雲林縣西螺鎮中興里延平路418號420號,120.455038,23.800693,西螺鎮,7-ELEVEN E-Map / EMapSDK SearchStore,(05)5872532,,24H,,1,0,1,1,0,1,0,0,0,0,0,0,0,0,0,1,1,0,0,1,0,0,0,0,0,1,0,0,1,0,0,1,1,0,1,1,1,1,0,1,1,0,0,0,0,0,1,0,1,1,0,0,0,1,0,0,1,
255631,豐鎮,(05)5879080,雲林縣西螺鎮光復西路259號,120.457137,23.796296,西螺鎮,7-ELEVEN E-Map / EMapSDK SearchStore,(05)5883487,,24H,,1,0,1,0,0,0,1,0,0,0,1,0,0,0,0,1,1,0,0,1,0,0,0,0,0,0,0,0,0,0,0,0,1,0,0,1,0,1,0,1,1,0,0,0,0,0,1,1,1,1,0,0,0,1,0,0,0,
275587,鎮南,(05)5360905,雲林縣斗六市鎮南路301號,120.541698,23.699715,斗六市,7-ELEVEN E-Map / EMapSDK SearchStore,,,24H,,1,0,1,1,0,0,1,1,0,0,0,1,0,0,0,1,1,0,0,1,0,1,1,0,0,0,0,1,1,0,0,0,1,0,1,1,0,1,0,1,1,0,0,1,1,0,1,0,1,1,1,0,0,1,1,0,0,
195461,羅威,(05)6965430,雲林縣崙背鄉羅厝村東興路168-1號.168-2號,120.364527,23.758181,崙背鄉,7-ELEVEN E-Map / EMapSDK SearchStore,(05)6964843,,24H,,1,1,1,1,0,0,0,0,0,0,0,0,0,0,0,1,1,0,0,1,0,0,0,0,0,0,0,0,1,1,0,0,1,0,1,0,0,0,0,1,1,0,0,0,1,0,0,1,1,1,0,0,0,0,0,0,0,
972114,寶宏,(05)5975581,雲林縣斗南鎮文昌路99號,120.481748,23.678616,斗南鎮,7-ELEVEN E-Map / EMapSDK SearchStore,(05)5975692,,24H,,1,0,1,0,0,0,0,0,0,0,0,0,0,0,0,1,1,0,0,1,1,0,0,0,0,0,0,1,1,1,0,0,1,0,1,1,0,1,0,1,1,0,0,0,0,0,0,1,1,1,0,0,0,1,0,0,1,
293057,鑫斗商,(05)5343408,雲林縣斗六市中華路207號209號1樓,120.546888,23.708672,斗六市,7-ELEVEN E-Map / EMapSDK SearchStore,(05)5362633,,24H,,0,0,1,0,0,1,0,0,0,0,0,0,0,0,0,1,1,0,0,1,0,0,0,0,0,0,0,0,1,0,1,0,1,0,0,1,0,1,0,1,1,0,0,0,0,0,0,0,1,1,0,0,0,1,1,0,1,
277033,鑫崙,(05)5974681,雲林縣斗南鎮新崙路65之1號,120.431729,23.679247,斗南鎮,7-ELEVEN E-Map / EMapSDK SearchStore,,,06:00 ~ 23:59,,1,0,1,1,0,1,0,0,0,0,0,0,0,0,0,1,1,0,0,1,0,1,0,0,1,0,0,0,1,0,1,1,1,0,1,1,1,1,0,1,1,0,0,0,0,0,0,1,1,1,0,0,0,0,0,0,1,
