站點代碼,站點名稱,行政區,站點類型,X,Y,位置與周邊地標,提供車款,租借方式,費率與優惠,營運狀態,網站小卡文案簡介,特色標籤,Google地圖連結
MOOVO-YL-001,斗六火車站前站,斗六市,交通轉運,120.543438,23.709923,民生路與大同路口（前站廣場／設有MOOVO官方服務中心）,智慧自行車 (Smart Bike) / 電動輔助車 (E-Bike),MOOVO APP 掃碼 / 電子票證 (悠遊卡/一卡通/TPASS通勤月票),智慧自行車：前半小時享縣府補助優惠 / 電輔車：20元/前30分鐘,正常營運,斗六市重要MOOVO租借點，位於斗六火車站前站，支援APP掃碼與TPASS月票，串聯周邊景點與通勤動線。,"MOOVO,TPASS適用,斗六市,交通轉運","https://www.google.com/maps/search/?api=1&query=23.709923,120.543438"
MOOVO-YL-002,斗六火車站後站,斗六市,交通轉運,120.544712,23.711832,武昌路斗六火車站後站出口廣場,智慧自行車 (Smart Bike) / 電動輔助車 (E-Bike),MOOVO APP 掃碼 / 電子票證 (悠遊卡/一卡通/TPASS通勤月票),智慧自行車：前半小時享縣府補助優惠 / 電輔車：20元/前30分鐘,正常營運,斗六市重要MOOVO租借點，位於斗六火車站後站，支援APP掃碼與TPASS月票，串聯周邊景點與通勤動線。,"MOOVO,TPASS適用,斗六市,交通轉運","https://www.google.com/maps/search/?api=1&query=23.711832,120.544712"
MOOVO-YL-003,國立雲林科技大學(正門),斗六市,學校文教,120.534289,23.695347,大學路三段123號（雲科大大門口/行政大樓旁）,智慧自行車 (Smart Bike) / 電動輔助車 (E-Bike),MOOVO APP 掃碼 / 電子票證 (悠遊卡/一卡通/TPASS通勤月票),智慧自行車：前半小時享縣府補助優惠 / 電輔車：20元/前30分鐘,正常營運,斗六市重要MOOVO租借點，位於國立雲林科技大學(正門)，支援APP掃碼與TPASS月票，串聯周邊景點與通勤動線。,"MOOVO,TPASS適用,斗六市,學校文教","https://www.google.com/maps/search/?api=1&query=23.695347,120.534289"
MOOVO-YL-004,雲林科技大學(龍潭路商圈),斗六市,學校文教,120.536972,23.693481,龍潭路學生商圈/側門,智慧自行車 (Smart Bike) / 電動輔助車 (E-Bike),MOOVO APP 掃碼 / 電子票證 (悠遊卡/一卡通/TPASS通勤月票),智慧自行車：前半小時享縣府補助優惠 / 電輔車：20元/前30分鐘,正常營運,斗六市重要MOOVO租借點，位於雲林科技大學(龍潭路商圈)，支援APP掃碼與TPASS月票，串聯周邊景點與通勤動線。,"MOOVO,TPASS適用,斗六市,學校文教","https://www.google.com/maps/search/?api=1&query=23.693481,120.536972"
MOOVO-YL-005,雲林科技大學(體育館),斗六市,學校文教,120.532145,23.692145,大學路三段雲科大體育館旁,智慧自行車 (Smart Bike) / 電動輔助車 (E-Bike),MOOVO APP 掃碼 / 電子票證 (悠遊卡/一卡通/TPASS通勤月票),智慧自行車：前半小時享縣府補助優惠 / 電輔車：20元/前30分鐘,正常營運,斗六市重要MOOVO租借點，位於雲林科技大學(體育館)，支援APP掃碼與TPASS月票，串聯周邊景點與通勤動線。,"MOOVO,TPASS適用,斗六市,學校文教","https://www.google.com/maps/search/?api=1&query=23.692145,120.532145"
MOOVO-YL-006,雲林科技大學(宿舍區),斗六市,學校文教,120.535678,23.691234,雲科大學生宿舍南側出入口,智慧自行車 (Smart Bike) / 電動輔助車 (E-Bike),MOOVO APP 掃碼 / 電子票證 (悠遊卡/一卡通/TPASS通勤月票),智慧自行車：前半小時享縣府補助優惠 / 電輔車：20元/前30分鐘,正常營運,斗六市重要MOOVO租借點，位於雲林科技大學(宿舍區)，支援APP掃碼與TPASS月票，串聯周邊景點與通勤動線。,"MOOVO,TPASS適用,斗六市,學校文教","https://www.google.com/maps/search/?api=1&query=23.691234,120.535678"
MOOVO-YL-007,斗六國際棒球場,斗六市,觀光休閒,120.548903,23.717615,明德北路二段320號（棒球場大門口）,智慧自行車 (Smart Bike) / 電動輔助車 (E-Bike),MOOVO APP 掃碼 / 電子票證 (悠遊卡/一卡通/TPASS通勤月票),智慧自行車：前半小時享縣府補助優惠 / 電輔車：20元/前30分鐘,正常營運,斗六市重要MOOVO租借點，位於斗六國際棒球場，支援APP掃碼與TPASS月票，串聯周邊景點與通勤動線。,"MOOVO,TPASS適用,斗六市,觀光休閒","https://www.google.com/maps/search/?api=1&query=23.717615,120.548903"
MOOVO-YL-008,斗六觀光夜市,斗六市,購物商圈,120.542283,23.698942,鎮南路與明德東路口周邊,智慧自行車 (Smart Bike) / 電動輔助車 (E-Bike),MOOVO APP 掃碼 / 電子票證 (悠遊卡/一卡通/TPASS通勤月票),智慧自行車：前半小時享縣府補助優惠 / 電輔車：20元/前30分鐘,正常營運,斗六市重要MOOVO租借點，位於斗六觀光夜市，支援APP掃碼與TPASS月票，串聯周邊景點與通勤動線。,"MOOVO,TPASS適用,斗六市,購物商圈","https://www.google.com/maps/search/?api=1&query=23.698942,120.542283"
MOOVO-YL-009,雲林縣政府,斗六市,機關醫療,120.531728,23.700341,雲林路二段515號（縣府正門前）,智慧自行車 (Smart Bike) / 電動輔助車 (E-Bike),MOOVO APP 掃碼 / 電子票證 (悠遊卡/一卡通/TPASS通勤月票),智慧自行車：前半小時享縣府補助優惠 / 電輔車：20元/前30分鐘,正常營運,斗六市重要MOOVO租借點，位於雲林縣政府，支援APP掃碼與TPASS月票，串聯周邊景點與通勤動線。,"MOOVO,TPASS適用,斗六市,機關醫療","https://www.google.com/maps/search/?api=1&query=23.700341,120.531728"
MOOVO-YL-010,雲林縣議會,斗六市,機關醫療,120.531234,23.698712,大學路三段與府文路口,智慧自行車 (Smart Bike) / 電動輔助車 (E-Bike),MOOVO APP 掃碼 / 電子票證 (悠遊卡/一卡通/TPASS通勤月票),智慧自行車：前半小時享縣府補助優惠 / 電輔車：20元/前30分鐘,正常營運,斗六市重要MOOVO租借點，位於雲林縣議會，支援APP掃碼與TPASS月票，串聯周邊景點與通勤動線。,"MOOVO,TPASS適用,斗六市,機關醫療","https://www.google.com/maps/search/?api=1&query=23.698712,120.531234"
MOOVO-YL-011,雲林縣立文化觀光處(圖書館),斗六市,學校文教,120.530876,23.699812,大學路三段310號（文化中心旁）,智慧自行車 (Smart Bike) / 電動輔助車 (E-Bike),MOOVO APP 掃碼 / 電子票證 (悠遊卡/一卡通/TPASS通勤月票),智慧自行車：前半小時享縣府補助優惠 / 電輔車：20元/前30分鐘,正常營運,斗六市重要MOOVO租借點，位於雲林縣立文化觀光處(圖書館)，支援APP掃碼與TPASS月票，串聯周邊景點與通勤動線。,"MOOVO,TPASS適用,斗六市,學校文教","https://www.google.com/maps/search/?api=1&query=23.699812,120.530876"
MOOVO-YL-012,成大醫院斗六分院,斗六市,機關醫療,120.551944,23.708152,莊敬路345號（成大醫院正門旁）,智慧自行車 (Smart Bike) / 電動輔助車 (E-Bike),MOOVO APP 掃碼 / 電子票證 (悠遊卡/一卡通/TPASS通勤月票),智慧自行車：前半小時享縣府補助優惠 / 電輔車：20元/前30分鐘,正常營運,斗六市重要MOOVO租借點，位於成大醫院斗六分院，支援APP掃碼與TPASS月票，串聯周邊景點與通勤動線。,"MOOVO,TPASS適用,斗六市,機關醫療","https://www.google.com/maps/search/?api=1&query=23.708152,120.551944"
MOOVO-YL-013,雲林基督教醫院(斗六分院),斗六市,機關醫療,120.548912,23.713412,成功路320號（醫院正門口）,智慧自行車 (Smart Bike) / 電動輔助車 (E-Bike),MOOVO APP 掃碼 / 電子票證 (悠遊卡/一卡通/TPASS通勤月票),智慧自行車：前半小時享縣府補助優惠 / 電輔車：20元/前30分鐘,正常營運,斗六市重要MOOVO租借點，位於雲林基督教醫院(斗六分院)，支援APP掃碼與TPASS月票，串聯周邊景點與通勤動線。,"MOOVO,TPASS適用,斗六市,機關醫療","https://www.google.com/maps/search/?api=1&query=23.713412,120.548912"
MOOVO-YL-014,斗六市公所 / 戶政事務所,斗六市,機關醫療,120.542145,23.708912,府前街28號（公所廣場旁）,智慧自行車 (Smart Bike) / 電動輔助車 (E-Bike),MOOVO APP 掃碼 / 電子票證 (悠遊卡/一卡通/TPASS通勤月票),智慧自行車：前半小時享縣府補助優惠 / 電輔車：20元/前30分鐘,正常營運,斗六市重要MOOVO租借點，位於斗六市公所 / 戶政事務所，支援APP掃碼與TPASS月票，串聯周邊景點與通勤動線。,"MOOVO,TPASS適用,斗六市,機關醫療","https://www.google.com/maps/search/?api=1&query=23.708912,120.542145"
MOOVO-YL-015,行啟紀念館 / 公民會館,斗六市,觀光休閒,120.540871,23.704618,府前街101號（行啟紀念館前園區）,智慧自行車 (Smart Bike) / 電動輔助車 (E-Bike),MOOVO APP 掃碼 / 電子票證 (悠遊卡/一卡通/TPASS通勤月票),智慧自行車：前半小時享縣府補助優惠 / 電輔車：20元/前30分鐘,正常營運,斗六市重要MOOVO租借點，位於行啟紀念館 / 公民會館，支援APP掃碼與TPASS月票，串聯周邊景點與通勤動線。,"MOOVO,TPASS適用,斗六市,觀光休閒","https://www.google.com/maps/search/?api=1&query=23.704618,120.540871"
MOOVO-YL-016,斗六家樂福,斗六市,購物商圈,120.535812,23.704256,雲林路二段297號（家樂福入口廣場）,智慧自行車 (Smart Bike) / 電動輔助車 (E-Bike),MOOVO APP 掃碼 / 電子票證 (悠遊卡/一卡通/TPASS通勤月票),智慧自行車：前半小時享縣府補助優惠 / 電輔車：20元/前30分鐘,正常營運,斗六市重要MOOVO租借點，位於斗六家樂福，支援APP掃碼與TPASS月票，串聯周邊景點與通勤動線。,"MOOVO,TPASS適用,斗六市,購物商圈","https://www.google.com/maps/search/?api=1&query=23.704256,120.535812"
MOOVO-YL-017,雲林溪美食廣場,斗六市,購物商圈,120.540125,23.706189,民生南路與雲林溪水岸旁,智慧自行車 (Smart Bike) / 電動輔助車 (E-Bike),MOOVO APP 掃碼 / 電子票證 (悠遊卡/一卡通/TPASS通勤月票),智慧自行車：前半小時享縣府補助優惠 / 電輔車：20元/前30分鐘,正常營運,斗六市重要MOOVO租借點，位於雲林溪美食廣場，支援APP掃碼與TPASS月票，串聯周邊景點與通勤動線。,"MOOVO,TPASS適用,斗六市,購物商圈","https://www.google.com/maps/search/?api=1&query=23.706189,120.540125"
MOOVO-YL-018,國立斗六高級中學,斗六市,學校文教,120.545112,23.714521,文化路211號（斗六高中大門側）,智慧自行車 (Smart Bike) / 電動輔助車 (E-Bike),MOOVO APP 掃碼 / 電子票證 (悠遊卡/一卡通/TPASS通勤月票),智慧自行車：前半小時享縣府補助優惠 / 電輔車：20元/前30分鐘,正常營運,斗六市重要MOOVO租借點，位於國立斗六高級中學，支援APP掃碼與TPASS月票，串聯周邊景點與通勤動線。,"MOOVO,TPASS適用,斗六市,學校文教","https://www.google.com/maps/search/?api=1&query=23.714521,120.545112"
MOOVO-YL-019,國立斗六高級家事商業職業學校,斗六市,學校文教,120.548971,23.702812,成功路61號（斗六家商大門）,智慧自行車 (Smart Bike) / 電動輔助車 (E-Bike),MOOVO APP 掃碼 / 電子票證 (悠遊卡/一卡通/TPASS通勤月票),智慧自行車：前半小時享縣府補助優惠 / 電輔車：20元/前30分鐘,正常營運,斗六市重要MOOVO租借點，位於國立斗六高級家事商業職業學校，支援APP掃碼與TPASS月票，串聯周邊景點與通勤動線。,"MOOVO,TPASS適用,斗六市,學校文教","https://www.google.com/maps/search/?api=1&query=23.702812,120.548971"
MOOVO-YL-020,斗六國中,斗六市,學校文教,120.536781,23.713891,育英北街69號（斗六國中校門旁）,智慧自行車 (Smart Bike) / 電動輔助車 (E-Bike),MOOVO APP 掃碼 / 電子票證 (悠遊卡/一卡通/TPASS通勤月票),智慧自行車：前半小時享縣府補助優惠 / 電輔車：20元/前30分鐘,正常營運,斗六市重要MOOVO租借點，位於斗六國中，支援APP掃碼與TPASS月票，串聯周邊景點與通勤動線。,"MOOVO,TPASS適用,斗六市,學校文教","https://www.google.com/maps/search/?api=1&query=23.713891,120.536781"
MOOVO-YL-021,雲林國中,斗六市,學校文教,120.538912,23.701234,明德路59號（雲林國中前）,智慧自行車 (Smart Bike) / 電動輔助車 (E-Bike),MOOVO APP 掃碼 / 電子票證 (悠遊卡/一卡通/TPASS通勤月票),智慧自行車：前半小時享縣府補助優惠 / 電輔車：20元/前30分鐘,正常營運,斗六市重要MOOVO租借點，位於雲林國中，支援APP掃碼與TPASS月票，串聯周邊景點與通勤動線。,"MOOVO,TPASS適用,斗六市,學校文教","https://www.google.com/maps/search/?api=1&query=23.701234,120.538912"
MOOVO-YL-022,鎮南國小,斗六市,學校文教,120.541234,23.698765,南揚街60號（鎮南國小大門）,智慧自行車 (Smart Bike) / 電動輔助車 (E-Bike),MOOVO APP 掃碼 / 電子票證 (悠遊卡/一卡通/TPASS通勤月票),智慧自行車：前半小時享縣府補助優惠 / 電輔車：20元/前30分鐘,正常營運,斗六市重要MOOVO租借點，位於鎮南國小，支援APP掃碼與TPASS月票，串聯周邊景點與通勤動線。,"MOOVO,TPASS適用,斗六市,學校文教","https://www.google.com/maps/search/?api=1&query=23.698765,120.541234"
MOOVO-YL-023,鎮東國小,斗六市,學校文教,120.549876,23.712345,文化路（鎮東國小旁）,智慧自行車 (Smart Bike) / 電動輔助車 (E-Bike),MOOVO APP 掃碼 / 電子票證 (悠遊卡/一卡通/TPASS通勤月票),智慧自行車：前半小時享縣府補助優惠 / 電輔車：20元/前30分鐘,正常營運,斗六市重要MOOVO租借點，位於鎮東國小，支援APP掃碼與TPASS月票，串聯周邊景點與通勤動線。,"MOOVO,TPASS適用,斗六市,學校文教","https://www.google.com/maps/search/?api=1&query=23.712345,120.549876"
MOOVO-YL-024,鎮西國小,斗六市,學校文教,120.535678,23.706781,西平路3號（鎮西國小校門）,智慧自行車 (Smart Bike) / 電動輔助車 (E-Bike),MOOVO APP 掃碼 / 電子票證 (悠遊卡/一卡通/TPASS通勤月票),智慧自行車：前半小時享縣府補助優惠 / 電輔車：20元/前30分鐘,正常營運,斗六市重要MOOVO租借點，位於鎮西國小，支援APP掃碼與TPASS月票，串聯周邊景點與通勤動線。,"MOOVO,TPASS適用,斗六市,學校文教","https://www.google.com/maps/search/?api=1&query=23.706781,120.535678"
MOOVO-YL-025,斗六水岸公園 / 社口藝術水岸,斗六市,觀光休閒,120.536782,23.701145,社口水岸公園步道口,智慧自行車 (Smart Bike) / 電動輔助車 (E-Bike),MOOVO APP 掃碼 / 電子票證 (悠遊卡/一卡通/TPASS通勤月票),智慧自行車：前半小時享縣府補助優惠 / 電輔車：20元/前30分鐘,正常營運,斗六市重要MOOVO租借點，位於斗六水岸公園 / 社口藝術水岸，支援APP掃碼與TPASS月票，串聯周邊景點與通勤動線。,"MOOVO,TPASS適用,斗六市,觀光休閒","https://www.google.com/maps/search/?api=1&query=23.701145,120.536782"
MOOVO-YL-026,斗六繪本館 / 膨鼠森林公園,斗六市,觀光休閒,120.547891,23.705612,莊敬路膨鼠森林公園大門入口,智慧自行車 (Smart Bike) / 電動輔助車 (E-Bike),MOOVO APP 掃碼 / 電子票證 (悠遊卡/一卡通/TPASS通勤月票),智慧自行車：前半小時享縣府補助優惠 / 電輔車：20元/前30分鐘,正常營運,斗六市重要MOOVO租借點，位於斗六繪本館 / 膨鼠森林公園，支援APP掃碼與TPASS月票，串聯周邊景點與通勤動線。,"MOOVO,TPASS適用,斗六市,觀光休閒","https://www.google.com/maps/search/?api=1&query=23.705612,120.547891"
MOOVO-YL-027,金瓜鼠滾滾樂園,斗六市,觀光休閒,120.549123,23.706432,莊敬路金瓜鼠園區入口步道,智慧自行車 (Smart Bike) / 電動輔助車 (E-Bike),MOOVO APP 掃碼 / 電子票證 (悠遊卡/一卡通/TPASS通勤月票),智慧自行車：前半小時享縣府補助優惠 / 電輔車：20元/前30分鐘,正常營運,斗六市重要MOOVO租借點，位於金瓜鼠滾滾樂園，支援APP掃碼與TPASS月票，串聯周邊景點與通勤動線。,"MOOVO,TPASS適用,斗六市,觀光休閒","https://www.google.com/maps/search/?api=1&query=23.706432,120.549123"
MOOVO-YL-028,雲林縣立體育館,斗六市,觀光休閒,120.533412,23.698123,大學路三段縣立體育館前廣場,智慧自行車 (Smart Bike) / 電動輔助車 (E-Bike),MOOVO APP 掃碼 / 電子票證 (悠遊卡/一卡通/TPASS通勤月票),智慧自行車：前半小時享縣府補助優惠 / 電輔車：20元/前30分鐘,正常營運,斗六市重要MOOVO租借點，位於雲林縣立體育館，支援APP掃碼與TPASS月票，串聯周邊景點與通勤動線。,"MOOVO,TPASS適用,斗六市,觀光休閒","https://www.google.com/maps/search/?api=1&query=23.698123,120.533412"
MOOVO-YL-029,斗六南聖宮,斗六市,宗教社區,120.556781,23.688765,南聖路301號（南聖宮牌樓前廣場）,智慧自行車 (Smart Bike) / 電動輔助車 (E-Bike),MOOVO APP 掃碼 / 電子票證 (悠遊卡/一卡通/TPASS通勤月票),智慧自行車：前半小時享縣府補助優惠 / 電輔車：20元/前30分鐘,正常營運,斗六市重要MOOVO租借點，位於斗六南聖宮，支援APP掃碼與TPASS月票，串聯周邊景點與通勤動線。,"MOOVO,TPASS適用,斗六市,宗教社區","https://www.google.com/maps/search/?api=1&query=23.688765,120.556781"
MOOVO-YL-030,斗六新興宮(斗六媽),斗六市,宗教社區,120.541234,23.708912,中正路105號（新興宮廟前廣場）,智慧自行車 (Smart Bike) / 電動輔助車 (E-Bike),MOOVO APP 掃碼 / 電子票證 (悠遊卡/一卡通/TPASS通勤月票),智慧自行車：前半小時享縣府補助優惠 / 電輔車：20元/前30分鐘,正常營運,斗六市重要MOOVO租借點，位於斗六新興宮(斗六媽)，支援APP掃碼與TPASS月票，串聯周邊景點與通勤動線。,"MOOVO,TPASS適用,斗六市,宗教社區","https://www.google.com/maps/search/?api=1&query=23.708912,120.541234"
MOOVO-YL-031,斗六受天宮,斗六市,宗教社區,120.545678,23.703214,莊敬路受天宮前,智慧自行車 (Smart Bike) / 電動輔助車 (E-Bike),MOOVO APP 掃碼 / 電子票證 (悠遊卡/一卡通/TPASS通勤月票),智慧自行車：前半小時享縣府補助優惠 / 電輔車：20元/前30分鐘,正常營運,斗六市重要MOOVO租借點，位於斗六受天宮，支援APP掃碼與TPASS月票，串聯周邊景點與通勤動線。,"MOOVO,TPASS適用,斗六市,宗教社區","https://www.google.com/maps/search/?api=1&query=23.703214,120.545678"
MOOVO-YL-032,全聯斗六鎮南店,斗六市,購物商圈,120.543412,23.700123,鎮南路全聯福利中心前,智慧自行車 (Smart Bike) / 電動輔助車 (E-Bike),MOOVO APP 掃碼 / 電子票證 (悠遊卡/一卡通/TPASS通勤月票),智慧自行車：前半小時享縣府補助優惠 / 電輔車：20元/前30分鐘,正常營運,斗六市重要MOOVO租借點，位於全聯斗六鎮南店，支援APP掃碼與TPASS月票，串聯周邊景點與通勤動線。,"MOOVO,TPASS適用,斗六市,購物商圈","https://www.google.com/maps/search/?api=1&query=23.700123,120.543412"
MOOVO-YL-033,全聯斗六上海店,斗六市,購物商圈,120.538765,23.707123,上海路全聯旁,智慧自行車 (Smart Bike) / 電動輔助車 (E-Bike),MOOVO APP 掃碼 / 電子票證 (悠遊卡/一卡通/TPASS通勤月票),智慧自行車：前半小時享縣府補助優惠 / 電輔車：20元/前30分鐘,正常營運,斗六市重要MOOVO租借點，位於全聯斗六上海店，支援APP掃碼與TPASS月票，串聯周邊景點與通勤動線。,"MOOVO,TPASS適用,斗六市,購物商圈","https://www.google.com/maps/search/?api=1&query=23.707123,120.538765"
MOOVO-YL-034,全聯斗六西平店,斗六市,購物商圈,120.536781,23.716781,西平路全聯前停車場旁,智慧自行車 (Smart Bike) / 電動輔助車 (E-Bike),MOOVO APP 掃碼 / 電子票證 (悠遊卡/一卡通/TPASS通勤月票),智慧自行車：前半小時享縣府補助優惠 / 電輔車：20元/前30分鐘,正常營運,斗六市重要MOOVO租借點，位於全聯斗六西平店，支援APP掃碼與TPASS月票，串聯周邊景點與通勤動線。,"MOOVO,TPASS適用,斗六市,購物商圈","https://www.google.com/maps/search/?api=1&query=23.716781,120.536781"
MOOVO-YL-035,斗六市藝術水岸園區,斗六市,觀光休閒,120.539876,23.702456,藝術水岸園區停車場旁,智慧自行車 (Smart Bike) / 電動輔助車 (E-Bike),MOOVO APP 掃碼 / 電子票證 (悠遊卡/一卡通/TPASS通勤月票),智慧自行車：前半小時享縣府補助優惠 / 電輔車：20元/前30分鐘,正常營運,斗六市重要MOOVO租借點，位於斗六市藝術水岸園區，支援APP掃碼與TPASS月票，串聯周邊景點與通勤動線。,"MOOVO,TPASS適用,斗六市,觀光休閒","https://www.google.com/maps/search/?api=1&query=23.702456,120.539876"
MOOVO-YL-036,石榴火車站,斗六市,交通轉運,120.582145,23.733412,石榴火車站站前廣場,智慧自行車 (Smart Bike) / 電動輔助車 (E-Bike),MOOVO APP 掃碼 / 電子票證 (悠遊卡/一卡通/TPASS通勤月票),智慧自行車：前半小時享縣府補助優惠 / 電輔車：20元/前30分鐘,正常營運,斗六市重要MOOVO租借點，位於石榴火車站，支援APP掃碼與TPASS月票，串聯周邊景點與通勤動線。,"MOOVO,TPASS適用,斗六市,交通轉運","https://www.google.com/maps/search/?api=1&query=23.733412,120.582145"
MOOVO-YL-037,斗六工業區服務中心,斗六市,機關醫療,120.569812,23.742145,斗工十路斗六工業區管委會旁,智慧自行車 (Smart Bike) / 電動輔助車 (E-Bike),MOOVO APP 掃碼 / 電子票證 (悠遊卡/一卡通/TPASS通勤月票),智慧自行車：前半小時享縣府補助優惠 / 電輔車：20元/前30分鐘,正常營運,斗六市重要MOOVO租借點，位於斗六工業區服務中心，支援APP掃碼與TPASS月票，串聯周邊景點與通勤動線。,"MOOVO,TPASS適用,斗六市,機關醫療","https://www.google.com/maps/search/?api=1&query=23.742145,120.569812"
MOOVO-YL-038,寧濟御庭山水園區,斗六市,觀光休閒,120.575231,23.681123,貞寮路寧濟御庭大門口,智慧自行車 (Smart Bike) / 電動輔助車 (E-Bike),MOOVO APP 掃碼 / 電子票證 (悠遊卡/一卡通/TPASS通勤月票),智慧自行車：前半小時享縣府補助優惠 / 電輔車：20元/前30分鐘,正常營運,斗六市重要MOOVO租借點，位於寧濟御庭山水園區，支援APP掃碼與TPASS月票，串聯周邊景點與通勤動線。,"MOOVO,TPASS適用,斗六市,觀光休閒","https://www.google.com/maps/search/?api=1&query=23.681123,120.575231"
MOOVO-YL-039,長安社區活動中心,斗六市,宗教社區,120.528912,23.741234,長安路活動中心前,智慧自行車 (Smart Bike) / 電動輔助車 (E-Bike),MOOVO APP 掃碼 / 電子票證 (悠遊卡/一卡通/TPASS通勤月票),智慧自行車：前半小時享縣府補助優惠 / 電輔車：20元/前30分鐘,正常營運,斗六市重要MOOVO租借點，位於長安社區活動中心，支援APP掃碼與TPASS月票，串聯周邊景點與通勤動線。,"MOOVO,TPASS適用,斗六市,宗教社區","https://www.google.com/maps/search/?api=1&query=23.741234,120.528912"
MOOVO-YL-040,梅林社區活動中心(梅林國小),斗六市,學校文教,120.586781,23.698123,梅林路梅林國小旁,智慧自行車 (Smart Bike) / 電動輔助車 (E-Bike),MOOVO APP 掃碼 / 電子票證 (悠遊卡/一卡通/TPASS通勤月票),智慧自行車：前半小時享縣府補助優惠 / 電輔車：20元/前30分鐘,正常營運,斗六市重要MOOVO租借點，位於梅林社區活動中心(梅林國小)，支援APP掃碼與TPASS月票，串聯周邊景點與通勤動線。,"MOOVO,TPASS適用,斗六市,學校文教","https://www.google.com/maps/search/?api=1&query=23.698123,120.586781"
MOOVO-YL-041,台灣高鐵雲林站,虎尾鎮,交通轉運,120.432654,23.738128,站前東路301號（高鐵站出入口接駁區）,智慧自行車 (Smart Bike) / 電動輔助車 (E-Bike),MOOVO APP 掃碼 / 電子票證 (悠遊卡/一卡通/TPASS通勤月票),智慧自行車：前半小時享縣府補助優惠 / 電輔車：20元/前30分鐘,正常營運,虎尾鎮重要MOOVO租借點，位於台灣高鐵雲林站，支援APP掃碼與TPASS月票，串聯周邊景點與通勤動線。,"MOOVO,TPASS適用,虎尾鎮,交通轉運","https://www.google.com/maps/search/?api=1&query=23.738128,120.432654"
MOOVO-YL-042,國立虎尾科技大學(文化路正門),虎尾鎮,學校文教,120.435876,23.704123,文化路64號（虎科大第一校區校門口）,智慧自行車 (Smart Bike) / 電動輔助車 (E-Bike),MOOVO APP 掃碼 / 電子票證 (悠遊卡/一卡通/TPASS通勤月票),智慧自行車：前半小時享縣府補助優惠 / 電輔車：20元/前30分鐘,正常營運,虎尾鎮重要MOOVO租借點，位於國立虎尾科技大學(文化路正門)，支援APP掃碼與TPASS月票，串聯周邊景點與通勤動線。,"MOOVO,TPASS適用,虎尾鎮,學校文教","https://www.google.com/maps/search/?api=1&query=23.704123,120.435876"
MOOVO-YL-043,虎尾科技大學(八德街二校區),虎尾鎮,學校文教,120.438912,23.701894,八德街虎科大第二校區側門/宿舍區,智慧自行車 (Smart Bike) / 電動輔助車 (E-Bike),MOOVO APP 掃碼 / 電子票證 (悠遊卡/一卡通/TPASS通勤月票),智慧自行車：前半小時享縣府補助優惠 / 電輔車：20元/前30分鐘,正常營運,虎尾鎮重要MOOVO租借點，位於虎尾科技大學(八德街二校區)，支援APP掃碼與TPASS月票，串聯周邊景點與通勤動線。,"MOOVO,TPASS適用,虎尾鎮,學校文教","https://www.google.com/maps/search/?api=1&query=23.701894,120.438912"
MOOVO-YL-044,虎尾科技大學(高鐵校區),虎尾鎮,學校文教,120.436781,23.735612,高鐵校區大門口旁,智慧自行車 (Smart Bike) / 電動輔助車 (E-Bike),MOOVO APP 掃碼 / 電子票證 (悠遊卡/一卡通/TPASS通勤月票),智慧自行車：前半小時享縣府補助優惠 / 電輔車：20元/前30分鐘,正常營運,虎尾鎮重要MOOVO租借點，位於虎尾科技大學(高鐵校區)，支援APP掃碼與TPASS月票，串聯周邊景點與通勤動線。,"MOOVO,TPASS適用,虎尾鎮,學校文教","https://www.google.com/maps/search/?api=1&query=23.735612,120.436781"
MOOVO-YL-045,雲林故事館 / 布袋戲館,虎尾鎮,觀光休閒,120.433894,23.709321,林森路一段528號（布袋戲館旁廣場）,智慧自行車 (Smart Bike) / 電動輔助車 (E-Bike),MOOVO APP 掃碼 / 電子票證 (悠遊卡/一卡通/TPASS通勤月票),智慧自行車：前半小時享縣府補助優惠 / 電輔車：20元/前30分鐘,正常營運,虎尾鎮重要MOOVO租借點，位於雲林故事館 / 布袋戲館，支援APP掃碼與TPASS月票，串聯周邊景點與通勤動線。,"MOOVO,TPASS適用,虎尾鎮,觀光休閒","https://www.google.com/maps/search/?api=1&query=23.709321,120.433894"
MOOVO-YL-046,虎尾合同廳舍(誠品/星巴克),虎尾鎮,觀光休閒,120.434512,23.708912,林森路一段合同廳舍對面,智慧自行車 (Smart Bike) / 電動輔助車 (E-Bike),MOOVO APP 掃碼 / 電子票證 (悠遊卡/一卡通/TPASS通勤月票),智慧自行車：前半小時享縣府補助優惠 / 電輔車：20元/前30分鐘,正常營運,虎尾鎮重要MOOVO租借點，位於虎尾合同廳舍(誠品/星巴克)，支援APP掃碼與TPASS月票，串聯周邊景點與通勤動線。,"MOOVO,TPASS適用,虎尾鎮,觀光休閒","https://www.google.com/maps/search/?api=1&query=23.708912,120.434512"
MOOVO-YL-047,建國一村眷村文化園區,虎尾鎮,觀光休閒,120.418762,23.719875,建國一村入口服務中心旁,智慧自行車 (Smart Bike) / 電動輔助車 (E-Bike),MOOVO APP 掃碼 / 電子票證 (悠遊卡/一卡通/TPASS通勤月票),智慧自行車：前半小時享縣府補助優惠 / 電輔車：20元/前30分鐘,正常營運,虎尾鎮重要MOOVO租借點，位於建國一村眷村文化園區，支援APP掃碼與TPASS月票，串聯周邊景點與通勤動線。,"MOOVO,TPASS適用,虎尾鎮,觀光休閒","https://www.google.com/maps/search/?api=1&query=23.719875,120.418762"
MOOVO-YL-048,虎尾糖廠冰品部 / 同心公園,虎尾鎮,觀光休閒,120.436214,23.702987,中山路與民主三路口（同心公園入口）,智慧自行車 (Smart Bike) / 電動輔助車 (E-Bike),MOOVO APP 掃碼 / 電子票證 (悠遊卡/一卡通/TPASS通勤月票),智慧自行車：前半小時享縣府補助優惠 / 電輔車：20元/前30分鐘,正常營運,虎尾鎮重要MOOVO租借點，位於虎尾糖廠冰品部 / 同心公園，支援APP掃碼與TPASS月票，串聯周邊景點與通勤動線。,"MOOVO,TPASS適用,虎尾鎮,觀光休閒","https://www.google.com/maps/search/?api=1&query=23.702987,120.436214"
MOOVO-YL-049,虎尾鐵橋 / 糖鐵五分車站,虎尾鎮,觀光休閒,120.437891,23.701234,中山路底虎尾鐵橋步道起點,智慧自行車 (Smart Bike) / 電動輔助車 (E-Bike),MOOVO APP 掃碼 / 電子票證 (悠遊卡/一卡通/TPASS通勤月票),智慧自行車：前半小時享縣府補助優惠 / 電輔車：20元/前30分鐘,正常營運,虎尾鎮重要MOOVO租借點，位於虎尾鐵橋 / 糖鐵五分車站，支援APP掃碼與TPASS月票，串聯周邊景點與通勤動線。,"MOOVO,TPASS適用,虎尾鎮,觀光休閒","https://www.google.com/maps/search/?api=1&query=23.701234,120.437891"
MOOVO-YL-050,虎尾鎮公所,虎尾鎮,機關醫療,120.428765,23.705432,勝利路66號（公所廣場旁）,智慧自行車 (Smart Bike) / 電動輔助車 (E-Bike),MOOVO APP 掃碼 / 電子票證 (悠遊卡/一卡通/TPASS通勤月票),智慧自行車：前半小時享縣府補助優惠 / 電輔車：20元/前30分鐘,正常營運,虎尾鎮重要MOOVO租借點，位於虎尾鎮公所，支援APP掃碼與TPASS月票，串聯周邊景點與通勤動線。,"MOOVO,TPASS適用,虎尾鎮,機關醫療","https://www.google.com/maps/search/?api=1&query=23.705432,120.428765"
MOOVO-YL-051,虎尾鎮立圖書館 / 體育場,虎尾鎮,學校文教,120.439812,23.708945,光明路124號（圖書館前）,智慧自行車 (Smart Bike) / 電動輔助車 (E-Bike),MOOVO APP 掃碼 / 電子票證 (悠遊卡/一卡通/TPASS通勤月票),智慧自行車：前半小時享縣府補助優惠 / 電輔車：20元/前30分鐘,正常營運,虎尾鎮重要MOOVO租借點，位於虎尾鎮立圖書館 / 體育場，支援APP掃碼與TPASS月票，串聯周邊景點與通勤動線。,"MOOVO,TPASS適用,虎尾鎮,學校文教","https://www.google.com/maps/search/?api=1&query=23.708945,120.439812"
MOOVO-YL-052,臺大醫院雲林分院虎尾院區,虎尾鎮,機關醫療,120.438765,23.731456,學府路99號（臺大醫院正門口）,智慧自行車 (Smart Bike) / 電動輔助車 (E-Bike),MOOVO APP 掃碼 / 電子票證 (悠遊卡/一卡通/TPASS通勤月票),智慧自行車：前半小時享縣府補助優惠 / 電輔車：20元/前30分鐘,正常營運,虎尾鎮重要MOOVO租借點，位於臺大醫院雲林分院虎尾院區，支援APP掃碼與TPASS月票，串聯周邊景點與通勤動線。,"MOOVO,TPASS適用,虎尾鎮,機關醫療","https://www.google.com/maps/search/?api=1&query=23.731456,120.438765"
MOOVO-YL-053,虎尾若瑟醫院,虎尾鎮,機關醫療,120.431234,23.706781,新生路74號（若瑟醫院側門旁）,智慧自行車 (Smart Bike) / 電動輔助車 (E-Bike),MOOVO APP 掃碼 / 電子票證 (悠遊卡/一卡通/TPASS通勤月票),智慧自行車：前半小時享縣府補助優惠 / 電輔車：20元/前30分鐘,正常營運,虎尾鎮重要MOOVO租借點，位於虎尾若瑟醫院，支援APP掃碼與TPASS月票，串聯周邊景點與通勤動線。,"MOOVO,TPASS適用,虎尾鎮,機關醫療","https://www.google.com/maps/search/?api=1&query=23.706781,120.431234"
MOOVO-YL-054,國立虎尾高級中學,虎尾鎮,學校文教,120.438912,23.712345,光復路222號（虎尾高中校門前）,智慧自行車 (Smart Bike) / 電動輔助車 (E-Bike),MOOVO APP 掃碼 / 電子票證 (悠遊卡/一卡通/TPASS通勤月票),智慧自行車：前半小時享縣府補助優惠 / 電輔車：20元/前30分鐘,正常營運,虎尾鎮重要MOOVO租借點，位於國立虎尾高級中學，支援APP掃碼與TPASS月票，串聯周邊景點與通勤動線。,"MOOVO,TPASS適用,虎尾鎮,學校文教","https://www.google.com/maps/search/?api=1&query=23.712345,120.438912"
MOOVO-YL-055,國立虎尾高級農工職業學校,虎尾鎮,學校文教,120.429876,23.704123,博愛路65號（虎尾農工大門）,智慧自行車 (Smart Bike) / 電動輔助車 (E-Bike),MOOVO APP 掃碼 / 電子票證 (悠遊卡/一卡通/TPASS通勤月票),智慧自行車：前半小時享縣府補助優惠 / 電輔車：20元/前30分鐘,正常營運,虎尾鎮重要MOOVO租借點，位於國立虎尾高級農工職業學校，支援APP掃碼與TPASS月票，串聯周邊景點與通勤動線。,"MOOVO,TPASS適用,虎尾鎮,學校文教","https://www.google.com/maps/search/?api=1&query=23.704123,120.429876"
MOOVO-YL-056,虎尾國中,虎尾鎮,學校文教,120.431234,23.714512,安慶里虎尾國中旁,智慧自行車 (Smart Bike) / 電動輔助車 (E-Bike),MOOVO APP 掃碼 / 電子票證 (悠遊卡/一卡通/TPASS通勤月票),智慧自行車：前半小時享縣府補助優惠 / 電輔車：20元/前30分鐘,正常營運,虎尾鎮重要MOOVO租借點，位於虎尾國中，支援APP掃碼與TPASS月票，串聯周邊景點與通勤動線。,"MOOVO,TPASS適用,虎尾鎮,學校文教","https://www.google.com/maps/search/?api=1&query=23.714512,120.431234"
MOOVO-YL-057,東仁國中,虎尾鎮,學校文教,120.445678,23.707812,東仁路東仁國中校門前,智慧自行車 (Smart Bike) / 電動輔助車 (E-Bike),MOOVO APP 掃碼 / 電子票證 (悠遊卡/一卡通/TPASS通勤月票),智慧自行車：前半小時享縣府補助優惠 / 電輔車：20元/前30分鐘,正常營運,虎尾鎮重要MOOVO租借點，位於東仁國中，支援APP掃碼與TPASS月票，串聯周邊景點與通勤動線。,"MOOVO,TPASS適用,虎尾鎮,學校文教","https://www.google.com/maps/search/?api=1&query=23.707812,120.445678"
MOOVO-YL-058,興隆毛巾觀光工廠,虎尾鎮,觀光休閒,120.449123,23.722894,埒內里84-1號（觀光工廠大門口）,智慧自行車 (Smart Bike) / 電動輔助車 (E-Bike),MOOVO APP 掃碼 / 電子票證 (悠遊卡/一卡通/TPASS通勤月票),智慧自行車：前半小時享縣府補助優惠 / 電輔車：20元/前30分鐘,正常營運,虎尾鎮重要MOOVO租借點，位於興隆毛巾觀光工廠，支援APP掃碼與TPASS月票，串聯周邊景點與通勤動線。,"MOOVO,TPASS適用,虎尾鎮,觀光休閒","https://www.google.com/maps/search/?api=1&query=23.722894,120.449123"
MOOVO-YL-059,頂溪社區屋頂上的貓彩繪村,虎尾鎮,觀光休閒,120.456781,23.728912,頂溪里貓屋彩繪公園旁,智慧自行車 (Smart Bike) / 電動輔助車 (E-Bike),MOOVO APP 掃碼 / 電子票證 (悠遊卡/一卡通/TPASS通勤月票),智慧自行車：前半小時享縣府補助優惠 / 電輔車：20元/前30分鐘,正常營運,虎尾鎮重要MOOVO租借點，位於頂溪社區屋頂上的貓彩繪村，支援APP掃碼與TPASS月票，串聯周邊景點與通勤動線。,"MOOVO,TPASS適用,虎尾鎮,觀光休閒","https://www.google.com/maps/search/?api=1&query=23.728912,120.456781"
MOOVO-YL-060,持法媽祖宮,虎尾鎮,宗教社區,120.456781,23.731234,頂溪里西園46號（持法媽祖宮前廣場）,智慧自行車 (Smart Bike) / 電動輔助車 (E-Bike),MOOVO APP 掃碼 / 電子票證 (悠遊卡/一卡通/TPASS通勤月票),智慧自行車：前半小時享縣府補助優惠 / 電輔車：20元/前30分鐘,正常營運,虎尾鎮重要MOOVO租借點，位於持法媽祖宮，支援APP掃碼與TPASS月票，串聯周邊景點與通勤動線。,"MOOVO,TPASS適用,虎尾鎮,宗教社區","https://www.google.com/maps/search/?api=1&query=23.731234,120.456781"
MOOVO-YL-061,虎尾德興宮(王爺廟),虎尾鎮,宗教社區,120.435678,23.708123,中正路1號（德興宮廟埕）,智慧自行車 (Smart Bike) / 電動輔助車 (E-Bike),MOOVO APP 掃碼 / 電子票證 (悠遊卡/一卡通/TPASS通勤月票),智慧自行車：前半小時享縣府補助優惠 / 電輔車：20元/前30分鐘,正常營運,虎尾鎮重要MOOVO租借點，位於虎尾德興宮(王爺廟)，支援APP掃碼與TPASS月票，串聯周邊景點與通勤動線。,"MOOVO,TPASS適用,虎尾鎮,宗教社區","https://www.google.com/maps/search/?api=1&query=23.708123,120.435678"
MOOVO-YL-062,虎尾圓環,虎尾鎮,觀光休閒,120.433412,23.707891,虎尾地標圓環（素還真雕像旁）,智慧自行車 (Smart Bike) / 電動輔助車 (E-Bike),MOOVO APP 掃碼 / 電子票證 (悠遊卡/一卡通/TPASS通勤月票),智慧自行車：前半小時享縣府補助優惠 / 電輔車：20元/前30分鐘,正常營運,虎尾鎮重要MOOVO租借點，位於虎尾圓環，支援APP掃碼與TPASS月票，串聯周邊景點與通勤動線。,"MOOVO,TPASS適用,虎尾鎮,觀光休閒","https://www.google.com/maps/search/?api=1&query=23.707891,120.433412"
MOOVO-YL-063,家樂福虎尾店,虎尾鎮,購物商圈,120.430123,23.706123,立仁路家樂福入口停車場,智慧自行車 (Smart Bike) / 電動輔助車 (E-Bike),MOOVO APP 掃碼 / 電子票證 (悠遊卡/一卡通/TPASS通勤月票),智慧自行車：前半小時享縣府補助優惠 / 電輔車：20元/前30分鐘,正常營運,虎尾鎮重要MOOVO租借點，位於家樂福虎尾店，支援APP掃碼與TPASS月票，串聯周邊景點與通勤動線。,"MOOVO,TPASS適用,虎尾鎮,購物商圈","https://www.google.com/maps/search/?api=1&query=23.706123,120.430123"
MOOVO-YL-064,全聯虎尾林森店,虎尾鎮,購物商圈,120.430891,23.711234,林森路二段全聯福利中心前,智慧自行車 (Smart Bike) / 電動輔助車 (E-Bike),MOOVO APP 掃碼 / 電子票證 (悠遊卡/一卡通/TPASS通勤月票),智慧自行車：前半小時享縣府補助優惠 / 電輔車：20元/前30分鐘,正常營運,虎尾鎮重要MOOVO租借點，位於全聯虎尾林森店，支援APP掃碼與TPASS月票，串聯周邊景點與通勤動線。,"MOOVO,TPASS適用,虎尾鎮,購物商圈","https://www.google.com/maps/search/?api=1&query=23.711234,120.430891"
MOOVO-YL-065,全聯虎尾文化店,虎尾鎮,購物商圈,120.437123,23.703412,文化路全聯旁,智慧自行車 (Smart Bike) / 電動輔助車 (E-Bike),MOOVO APP 掃碼 / 電子票證 (悠遊卡/一卡通/TPASS通勤月票),智慧自行車：前半小時享縣府補助優惠 / 電輔車：20元/前30分鐘,正常營運,虎尾鎮重要MOOVO租借點，位於全聯虎尾文化店，支援APP掃碼與TPASS月票，串聯周邊景點與通勤動線。,"MOOVO,TPASS適用,虎尾鎮,購物商圈","https://www.google.com/maps/search/?api=1&query=23.703412,120.437123"
MOOVO-YL-066,虎尾驛(旅客服務中心),虎尾鎮,觀光休閒,120.435123,23.703123,中山路64號（虎尾驛前）,智慧自行車 (Smart Bike) / 電動輔助車 (E-Bike),MOOVO APP 掃碼 / 電子票證 (悠遊卡/一卡通/TPASS通勤月票),智慧自行車：前半小時享縣府補助優惠 / 電輔車：20元/前30分鐘,正常營運,虎尾鎮重要MOOVO租借點，位於虎尾驛(旅客服務中心)，支援APP掃碼與TPASS月票，串聯周邊景點與通勤動線。,"MOOVO,TPASS適用,虎尾鎮,觀光休閒","https://www.google.com/maps/search/?api=1&query=23.703123,120.435123"
MOOVO-YL-067,涌翠閣(日式建築),虎尾鎮,觀光休閒,120.441234,23.709123,水源路涌翠閣園區旁,智慧自行車 (Smart Bike) / 電動輔助車 (E-Bike),MOOVO APP 掃碼 / 電子票證 (悠遊卡/一卡通/TPASS通勤月票),智慧自行車：前半小時享縣府補助優惠 / 電輔車：20元/前30分鐘,正常營運,虎尾鎮重要MOOVO租借點，位於涌翠閣(日式建築)，支援APP掃碼與TPASS月票，串聯周邊景點與通勤動線。,"MOOVO,TPASS適用,虎尾鎮,觀光休閒","https://www.google.com/maps/search/?api=1&query=23.709123,120.441234"
MOOVO-YL-068,中科虎尾園區行政大樓,虎尾鎮,機關醫療,120.428912,23.733412,科虎路中科園區服務處,智慧自行車 (Smart Bike) / 電動輔助車 (E-Bike),MOOVO APP 掃碼 / 電子票證 (悠遊卡/一卡通/TPASS通勤月票),智慧自行車：前半小時享縣府補助優惠 / 電輔車：20元/前30分鐘,正常營運,虎尾鎮重要MOOVO租借點，位於中科虎尾園區行政大樓，支援APP掃碼與TPASS月票，串聯周邊景點與通勤動線。,"MOOVO,TPASS適用,虎尾鎮,機關醫療","https://www.google.com/maps/search/?api=1&query=23.733412,120.428912"
MOOVO-YL-069,大屯國小,虎尾鎮,學校文教,120.414512,23.689812,大屯路大屯國小前,智慧自行車 (Smart Bike) / 電動輔助車 (E-Bike),MOOVO APP 掃碼 / 電子票證 (悠遊卡/一卡通/TPASS通勤月票),智慧自行車：前半小時享縣府補助優惠 / 電輔車：20元/前30分鐘,正常營運,虎尾鎮重要MOOVO租借點，位於大屯國小，支援APP掃碼與TPASS月票，串聯周邊景點與通勤動線。,"MOOVO,TPASS適用,虎尾鎮,學校文教","https://www.google.com/maps/search/?api=1&query=23.689812,120.414512"
MOOVO-YL-070,埒內活動中心,虎尾鎮,宗教社區,120.448765,23.722145,埒內里活動中心前,智慧自行車 (Smart Bike) / 電動輔助車 (E-Bike),MOOVO APP 掃碼 / 電子票證 (悠遊卡/一卡通/TPASS通勤月票),智慧自行車：前半小時享縣府補助優惠 / 電輔車：20元/前30分鐘,正常營運,虎尾鎮重要MOOVO租借點，位於埒內活動中心，支援APP掃碼與TPASS月票，串聯周邊景點與通勤動線。,"MOOVO,TPASS適用,虎尾鎮,宗教社區","https://www.google.com/maps/search/?api=1&query=23.722145,120.448765"
MOOVO-YL-071,斗南火車站前站,斗南鎮,交通轉運,120.481234,23.679123,中山路與延平路一段口（站前廣場）,智慧自行車 (Smart Bike) / 電動輔助車 (E-Bike),MOOVO APP 掃碼 / 電子票證 (悠遊卡/一卡通/TPASS通勤月票),智慧自行車：前半小時享縣府補助優惠 / 電輔車：20元/前30分鐘,正常營運,斗南鎮重要MOOVO租借點，位於斗南火車站前站，支援APP掃碼與TPASS月票，串聯周邊景點與通勤動線。,"MOOVO,TPASS適用,斗南鎮,交通轉運","https://www.google.com/maps/search/?api=1&query=23.679123,120.481234"
MOOVO-YL-072,斗南火車站後站,斗南鎮,交通轉運,120.482891,23.680123,南昌路後站出口旁,智慧自行車 (Smart Bike) / 電動輔助車 (E-Bike),MOOVO APP 掃碼 / 電子票證 (悠遊卡/一卡通/TPASS通勤月票),智慧自行車：前半小時享縣府補助優惠 / 電輔車：20元/前30分鐘,正常營運,斗南鎮重要MOOVO租借點，位於斗南火車站後站，支援APP掃碼與TPASS月票，串聯周邊景點與通勤動線。,"MOOVO,TPASS適用,斗南鎮,交通轉運","https://www.google.com/maps/search/?api=1&query=23.680123,120.482891"
MOOVO-YL-073,斗南順安宮(斗南媽),斗南鎮,宗教社區,120.480123,23.675432,長安路一段126號（順安宮前）,智慧自行車 (Smart Bike) / 電動輔助車 (E-Bike),MOOVO APP 掃碼 / 電子票證 (悠遊卡/一卡通/TPASS通勤月票),智慧自行車：前半小時享縣府補助優惠 / 電輔車：20元/前30分鐘,正常營運,斗南鎮重要MOOVO租借點，位於斗南順安宮(斗南媽)，支援APP掃碼與TPASS月票，串聯周邊景點與通勤動線。,"MOOVO,TPASS適用,斗南鎮,宗教社區","https://www.google.com/maps/search/?api=1&query=23.675432,120.480123"
MOOVO-YL-074,斗南田徑場 / 體育館,斗南鎮,觀光休閒,120.477654,23.684567,大成路斗南田徑場正門口,智慧自行車 (Smart Bike) / 電動輔助車 (E-Bike),MOOVO APP 掃碼 / 電子票證 (悠遊卡/一卡通/TPASS通勤月票),智慧自行車：前半小時享縣府補助優惠 / 電輔車：20元/前30分鐘,正常營運,斗南鎮重要MOOVO租借點，位於斗南田徑場 / 體育館，支援APP掃碼與TPASS月票，串聯周邊景點與通勤動線。,"MOOVO,TPASS適用,斗南鎮,觀光休閒","https://www.google.com/maps/search/?api=1&query=23.684567,120.477654"
MOOVO-YL-075,斗南鎮公所 / 圖書館,斗南鎮,機關醫療,120.478912,23.676543,文昌路157號（公所廣場）,智慧自行車 (Smart Bike) / 電動輔助車 (E-Bike),MOOVO APP 掃碼 / 電子票證 (悠遊卡/一卡通/TPASS通勤月票),智慧自行車：前半小時享縣府補助優惠 / 電輔車：20元/前30分鐘,正常營運,斗南鎮重要MOOVO租借點，位於斗南鎮公所 / 圖書館，支援APP掃碼與TPASS月票，串聯周邊景點與通勤動線。,"MOOVO,TPASS適用,斗南鎮,機關醫療","https://www.google.com/maps/search/?api=1&query=23.676543,120.478912"
MOOVO-YL-076,國立斗南高級中學,斗南鎮,學校文教,120.473412,23.678123,中山路212號（斗南高中大門）,智慧自行車 (Smart Bike) / 電動輔助車 (E-Bike),MOOVO APP 掃碼 / 電子票證 (悠遊卡/一卡通/TPASS通勤月票),智慧自行車：前半小時享縣府補助優惠 / 電輔車：20元/前30分鐘,正常營運,斗南鎮重要MOOVO租借點，位於國立斗南高級中學，支援APP掃碼與TPASS月票，串聯周邊景點與通勤動線。,"MOOVO,TPASS適用,斗南鎮,學校文教","https://www.google.com/maps/search/?api=1&query=23.678123,120.473412"
MOOVO-YL-077,斗南國小,斗南鎮,學校文教,120.483412,23.677123,文元街斗南國小側門,智慧自行車 (Smart Bike) / 電動輔助車 (E-Bike),MOOVO APP 掃碼 / 電子票證 (悠遊卡/一卡通/TPASS通勤月票),智慧自行車：前半小時享縣府補助優惠 / 電輔車：20元/前30分鐘,正常營運,斗南鎮重要MOOVO租借點，位於斗南國小，支援APP掃碼與TPASS月票，串聯周邊景點與通勤動線。,"MOOVO,TPASS適用,斗南鎮,學校文教","https://www.google.com/maps/search/?api=1&query=23.677123,120.483412"
MOOVO-YL-078,文安國小,斗南鎮,學校文教,120.485678,23.671234,文安街文安國小前,智慧自行車 (Smart Bike) / 電動輔助車 (E-Bike),MOOVO APP 掃碼 / 電子票證 (悠遊卡/一卡通/TPASS通勤月票),智慧自行車：前半小時享縣府補助優惠 / 電輔車：20元/前30分鐘,正常營運,斗南鎮重要MOOVO租借點，位於文安國小，支援APP掃碼與TPASS月票，串聯周邊景點與通勤動線。,"MOOVO,TPASS適用,斗南鎮,學校文教","https://www.google.com/maps/search/?api=1&query=23.671234,120.485678"
MOOVO-YL-079,大東國小,斗南鎮,學校文教,120.468912,23.688765,大東里大東國小大門口,智慧自行車 (Smart Bike) / 電動輔助車 (E-Bike),MOOVO APP 掃碼 / 電子票證 (悠遊卡/一卡通/TPASS通勤月票),智慧自行車：前半小時享縣府補助優惠 / 電輔車：20元/前30分鐘,正常營運,斗南鎮重要MOOVO租借點，位於大東國小，支援APP掃碼與TPASS月票，串聯周邊景點與通勤動線。,"MOOVO,TPASS適用,斗南鎮,學校文教","https://www.google.com/maps/search/?api=1&query=23.688765,120.468912"
MOOVO-YL-080,石龜火車站,斗南鎮,交通轉運,120.486543,23.642198,石龜火車站出口旁,智慧自行車 (Smart Bike) / 電動輔助車 (E-Bike),MOOVO APP 掃碼 / 電子票證 (悠遊卡/一卡通/TPASS通勤月票),智慧自行車：前半小時享縣府補助優惠 / 電輔車：20元/前30分鐘,正常營運,斗南鎮重要MOOVO租借點，位於石龜火車站，支援APP掃碼與TPASS月票，串聯周邊景點與通勤動線。,"MOOVO,TPASS適用,斗南鎮,交通轉運","https://www.google.com/maps/search/?api=1&query=23.642198,120.486543"
MOOVO-YL-081,石龜國小 / 石龜天后宮,斗南鎮,學校文教,120.485678,23.643412,四維路石龜國小前,智慧自行車 (Smart Bike) / 電動輔助車 (E-Bike),MOOVO APP 掃碼 / 電子票證 (悠遊卡/一卡通/TPASS通勤月票),智慧自行車：前半小時享縣府補助優惠 / 電輔車：20元/前30分鐘,正常營運,斗南鎮重要MOOVO租借點，位於石龜國小 / 石龜天后宮，支援APP掃碼與TPASS月票，串聯周邊景點與通勤動線。,"MOOVO,TPASS適用,斗南鎮,學校文教","https://www.google.com/maps/search/?api=1&query=23.643412,120.485678"
MOOVO-YL-082,全聯斗南延平店,斗南鎮,購物商圈,120.486543,23.682145,延平路一段全聯福利中心前,智慧自行車 (Smart Bike) / 電動輔助車 (E-Bike),MOOVO APP 掃碼 / 電子票證 (悠遊卡/一卡通/TPASS通勤月票),智慧自行車：前半小時享縣府補助優惠 / 電輔車：20元/前30分鐘,正常營運,斗南鎮重要MOOVO租借點，位於全聯斗南延平店，支援APP掃碼與TPASS月票，串聯周邊景點與通勤動線。,"MOOVO,TPASS適用,斗南鎮,購物商圈","https://www.google.com/maps/search/?api=1&query=23.682145,120.486543"
MOOVO-YL-083,斗南鎮立河濱公園,斗南鎮,觀光休閒,120.476781,23.673412,河濱公園步道入口,智慧自行車 (Smart Bike) / 電動輔助車 (E-Bike),MOOVO APP 掃碼 / 電子票證 (悠遊卡/一卡通/TPASS通勤月票),智慧自行車：前半小時享縣府補助優惠 / 電輔車：20元/前30分鐘,正常營運,斗南鎮重要MOOVO租借點，位於斗南鎮立河濱公園，支援APP掃碼與TPASS月票，串聯周邊景點與通勤動線。,"MOOVO,TPASS適用,斗南鎮,觀光休閒","https://www.google.com/maps/search/?api=1&query=23.673412,120.476781"
MOOVO-YL-084,他里霧文化園區,斗南鎮,觀光休閒,120.480891,23.679812,斗南火車站旁他里霧繪本館前,智慧自行車 (Smart Bike) / 電動輔助車 (E-Bike),MOOVO APP 掃碼 / 電子票證 (悠遊卡/一卡通/TPASS通勤月票),智慧自行車：前半小時享縣府補助優惠 / 電輔車：20元/前30分鐘,正常營運,斗南鎮重要MOOVO租借點，位於他里霧文化園區，支援APP掃碼與TPASS月票，串聯周邊景點與通勤動線。,"MOOVO,TPASS適用,斗南鎮,觀光休閒","https://www.google.com/maps/search/?api=1&query=23.679812,120.480891"
MOOVO-YL-085,新光里社區活動中心,斗南鎮,宗教社區,120.495612,23.701234,延平路三段新光活動中心,智慧自行車 (Smart Bike) / 電動輔助車 (E-Bike),MOOVO APP 掃碼 / 電子票證 (悠遊卡/一卡通/TPASS通勤月票),智慧自行車：前半小時享縣府補助優惠 / 電輔車：20元/前30分鐘,正常營運,斗南鎮重要MOOVO租借點，位於新光里社區活動中心，支援APP掃碼與TPASS月票，串聯周邊景點與通勤動線。,"MOOVO,TPASS適用,斗南鎮,宗教社區","https://www.google.com/maps/search/?api=1&query=23.701234,120.495612"
MOOVO-YL-086,西螺大橋公園 / 蝴蝶公園,西螺鎮,觀光休閒,120.463219,23.803456,西螺大橋南端橋頭公園／高灘地入口,智慧自行車 (Smart Bike) / 電動輔助車 (E-Bike),MOOVO APP 掃碼 / 電子票證 (悠遊卡/一卡通/TPASS通勤月票),智慧自行車：前半小時享縣府補助優惠 / 電輔車：20元/前30分鐘,正常營運,西螺鎮重要MOOVO租借點，位於西螺大橋公園 / 蝴蝶公園，支援APP掃碼與TPASS月票，串聯周邊景點與通勤動線。,"MOOVO,TPASS適用,西螺鎮,觀光休閒","https://www.google.com/maps/search/?api=1&query=23.803456,120.463219"
MOOVO-YL-087,西螺轉運站,西螺鎮,交通轉運,120.461945,23.799812,中山路70號（客運轉運站旁）,智慧自行車 (Smart Bike) / 電動輔助車 (E-Bike),MOOVO APP 掃碼 / 電子票證 (悠遊卡/一卡通/TPASS通勤月票),智慧自行車：前半小時享縣府補助優惠 / 電輔車：20元/前30分鐘,正常營運,西螺鎮重要MOOVO租借點，位於西螺轉運站，支援APP掃碼與TPASS月票，串聯周邊景點與通勤動線。,"MOOVO,TPASS適用,西螺鎮,交通轉運","https://www.google.com/maps/search/?api=1&query=23.799812,120.461945"
MOOVO-YL-088,西螺福興宮(太平媽),西螺鎮,宗教社區,120.461234,23.801234,延平路180號（福興宮前老街商圈）,智慧自行車 (Smart Bike) / 電動輔助車 (E-Bike),MOOVO APP 掃碼 / 電子票證 (悠遊卡/一卡通/TPASS通勤月票),智慧自行車：前半小時享縣府補助優惠 / 電輔車：20元/前30分鐘,正常營運,西螺鎮重要MOOVO租借點，位於西螺福興宮(太平媽)，支援APP掃碼與TPASS月票，串聯周邊景點與通勤動線。,"MOOVO,TPASS適用,西螺鎮,宗教社區","https://www.google.com/maps/search/?api=1&query=23.801234,120.461234"
MOOVO-YL-089,西螺廣福宮(老大媽),西螺鎮,宗教社區,120.465432,23.798912,新街路32號（廣福宮廟前廣場）,智慧自行車 (Smart Bike) / 電動輔助車 (E-Bike),MOOVO APP 掃碼 / 電子票證 (悠遊卡/一卡通/TPASS通勤月票),智慧自行車：前半小時享縣府補助優惠 / 電輔車：20元/前30分鐘,正常營運,西螺鎮重要MOOVO租借點，位於西螺廣福宮(老大媽)，支援APP掃碼與TPASS月票，串聯周邊景點與通勤動線。,"MOOVO,TPASS適用,西螺鎮,宗教社區","https://www.google.com/maps/search/?api=1&query=23.798912,120.465432"
MOOVO-YL-090,西螺東市場 / 延平老街,西螺鎮,觀光休閒,120.462891,23.800891,延平路東市場文創園區前,智慧自行車 (Smart Bike) / 電動輔助車 (E-Bike),MOOVO APP 掃碼 / 電子票證 (悠遊卡/一卡通/TPASS通勤月票),智慧自行車：前半小時享縣府補助優惠 / 電輔車：20元/前30分鐘,正常營運,西螺鎮重要MOOVO租借點，位於西螺東市場 / 延平老街，支援APP掃碼與TPASS月票，串聯周邊景點與通勤動線。,"MOOVO,TPASS適用,西螺鎮,觀光休閒","https://www.google.com/maps/search/?api=1&query=23.800891,120.462891"
MOOVO-YL-091,西螺森活武樹園區,西螺鎮,觀光休閒,120.457812,23.795432,光復西路園區大門,智慧自行車 (Smart Bike) / 電動輔助車 (E-Bike),MOOVO APP 掃碼 / 電子票證 (悠遊卡/一卡通/TPASS通勤月票),智慧自行車：前半小時享縣府補助優惠 / 電輔車：20元/前30分鐘,正常營運,西螺鎮重要MOOVO租借點，位於西螺森活武樹園區，支援APP掃碼與TPASS月票，串聯周邊景點與通勤動線。,"MOOVO,TPASS適用,西螺鎮,觀光休閒","https://www.google.com/maps/search/?api=1&query=23.795432,120.457812"
MOOVO-YL-092,西螺鎮公所 / 圖書館,西螺鎮,機關醫療,120.458912,23.796781,光復西路20號（公所前廣場）,智慧自行車 (Smart Bike) / 電動輔助車 (E-Bike),MOOVO APP 掃碼 / 電子票證 (悠遊卡/一卡通/TPASS通勤月票),智慧自行車：前半小時享縣府補助優惠 / 電輔車：20元/前30分鐘,正常營運,西螺鎮重要MOOVO租借點，位於西螺鎮公所 / 圖書館，支援APP掃碼與TPASS月票，串聯周邊景點與通勤動線。,"MOOVO,TPASS適用,西螺鎮,機關醫療","https://www.google.com/maps/search/?api=1&query=23.796781,120.458912"
MOOVO-YL-093,國立西螺高級農工職業學校,西螺鎮,學校文教,120.461234,23.792345,大同路4號（西螺農工校門）,智慧自行車 (Smart Bike) / 電動輔助車 (E-Bike),MOOVO APP 掃碼 / 電子票證 (悠遊卡/一卡通/TPASS通勤月票),智慧自行車：前半小時享縣府補助優惠 / 電輔車：20元/前30分鐘,正常營運,西螺鎮重要MOOVO租借點，位於國立西螺高級農工職業學校，支援APP掃碼與TPASS月票，串聯周邊景點與通勤動線。,"MOOVO,TPASS適用,西螺鎮,學校文教","https://www.google.com/maps/search/?api=1&query=23.792345,120.461234"
MOOVO-YL-094,西螺國中,西螺鎮,學校文教,120.465678,23.794512,興農西路西螺國中大門,智慧自行車 (Smart Bike) / 電動輔助車 (E-Bike),MOOVO APP 掃碼 / 電子票證 (悠遊卡/一卡通/TPASS通勤月票),智慧自行車：前半小時享縣府補助優惠 / 電輔車：20元/前30分鐘,正常營運,西螺鎮重要MOOVO租借點，位於西螺國中，支援APP掃碼與TPASS月票，串聯周邊景點與通勤動線。,"MOOVO,TPASS適用,西螺鎮,學校文教","https://www.google.com/maps/search/?api=1&query=23.794512,120.465678"
MOOVO-YL-095,文昌國小,西螺鎮,學校文教,120.458912,23.800123,文昌路文昌國小校門口,智慧自行車 (Smart Bike) / 電動輔助車 (E-Bike),MOOVO APP 掃碼 / 電子票證 (悠遊卡/一卡通/TPASS通勤月票),智慧自行車：前半小時享縣府補助優惠 / 電輔車：20元/前30分鐘,正常營運,西螺鎮重要MOOVO租借點，位於文昌國小，支援APP掃碼與TPASS月票，串聯周邊景點與通勤動線。,"MOOVO,TPASS適用,西螺鎮,學校文教","https://www.google.com/maps/search/?api=1&query=23.800123,120.458912"
MOOVO-YL-096,丸莊醬油觀光工廠,西螺鎮,觀光休閒,120.460543,23.801891,延平路丸莊醬油博物館前,智慧自行車 (Smart Bike) / 電動輔助車 (E-Bike),MOOVO APP 掃碼 / 電子票證 (悠遊卡/一卡通/TPASS通勤月票),智慧自行車：前半小時享縣府補助優惠 / 電輔車：20元/前30分鐘,正常營運,西螺鎮重要MOOVO租借點，位於丸莊醬油觀光工廠，支援APP掃碼與TPASS月票，串聯周邊景點與通勤動線。,"MOOVO,TPASS適用,西螺鎮,觀光休閒","https://www.google.com/maps/search/?api=1&query=23.801891,120.460543"
MOOVO-YL-097,西螺吳厝朝興宮,西螺鎮,宗教社區,120.436123,23.753891,吳厝里朝興宮前廣場,智慧自行車 (Smart Bike) / 電動輔助車 (E-Bike),MOOVO APP 掃碼 / 電子票證 (悠遊卡/一卡通/TPASS通勤月票),智慧自行車：前半小時享縣府補助優惠 / 電輔車：20元/前30分鐘,正常營運,西螺鎮重要MOOVO租借點，位於西螺吳厝朝興宮，支援APP掃碼與TPASS月票，串聯周邊景點與通勤動線。,"MOOVO,TPASS適用,西螺鎮,宗教社區","https://www.google.com/maps/search/?api=1&query=23.753891,120.436123"
MOOVO-YL-098,北港武德宮(五路財神祖廟),北港鎮,宗教社區,120.306123,23.585412,華勝路330號（武德宮大門廣場旁）,智慧自行車 (Smart Bike) / 電動輔助車 (E-Bike),MOOVO APP 掃碼 / 電子票證 (悠遊卡/一卡通/TPASS通勤月票),智慧自行車：前半小時享縣府補助優惠 / 電輔車：20元/前30分鐘,正常營運,北港鎮重要MOOVO租借點，位於北港武德宮(五路財神祖廟)，支援APP掃碼與TPASS月票，串聯周邊景點與通勤動線。,"MOOVO,TPASS適用,北港鎮,宗教社區","https://www.google.com/maps/search/?api=1&query=23.585412,120.306123"
MOOVO-YL-099,北港朝天宮 / 廟前商圈,北港鎮,宗教社區,120.303891,23.567812,中山路朝天宮老街入口旁,智慧自行車 (Smart Bike) / 電動輔助車 (E-Bike),MOOVO APP 掃碼 / 電子票證 (悠遊卡/一卡通/TPASS通勤月票),智慧自行車：前半小時享縣府補助優惠 / 電輔車：20元/前30分鐘,正常營運,北港鎮重要MOOVO租借點，位於北港朝天宮 / 廟前商圈，支援APP掃碼與TPASS月票，串聯周邊景點與通勤動線。,"MOOVO,TPASS適用,北港鎮,宗教社區","https://www.google.com/maps/search/?api=1&query=23.567812,120.303891"
MOOVO-YL-100,北港觀光大橋 / 遊客中心,北港鎮,觀光休閒,120.305432,23.565891,中山路底觀光大橋引道旁,智慧自行車 (Smart Bike) / 電動輔助車 (E-Bike),MOOVO APP 掃碼 / 電子票證 (悠遊卡/一卡通/TPASS通勤月票),智慧自行車：前半小時享縣府補助優惠 / 電輔車：20元/前30分鐘,正常營運,北港鎮重要MOOVO租借點，位於北港觀光大橋 / 遊客中心，支援APP掃碼與TPASS月票，串聯周邊景點與通勤動線。,"MOOVO,TPASS適用,北港鎮,觀光休閒","https://www.google.com/maps/search/?api=1&query=23.565891,120.305432"
MOOVO-YL-101,水道頭文化園區,北港鎮,觀光休閒,120.306781,23.564512,民生路十角水塔旁,智慧自行車 (Smart Bike) / 電動輔助車 (E-Bike),MOOVO APP 掃碼 / 電子票證 (悠遊卡/一卡通/TPASS通勤月票),智慧自行車：前半小時享縣府補助優惠 / 電輔車：20元/前30分鐘,正常營運,北港鎮重要MOOVO租借點，位於水道頭文化園區，支援APP掃碼與TPASS月票，串聯周邊景點與通勤動線。,"MOOVO,TPASS適用,北港鎮,觀光休閒","https://www.google.com/maps/search/?api=1&query=23.564512,120.306781"
MOOVO-YL-102,北港文化中心 / 運動公園,北港鎮,學校文教,120.298765,23.573412,公園路66號（文化中心前庭）,智慧自行車 (Smart Bike) / 電動輔助車 (E-Bike),MOOVO APP 掃碼 / 電子票證 (悠遊卡/一卡通/TPASS通勤月票),智慧自行車：前半小時享縣府補助優惠 / 電輔車：20元/前30分鐘,正常營運,北港鎮重要MOOVO租借點，位於北港文化中心 / 運動公園，支援APP掃碼與TPASS月票，串聯周邊景點與通勤動線。,"MOOVO,TPASS適用,北港鎮,學校文教","https://www.google.com/maps/search/?api=1&query=23.573412,120.298765"
MOOVO-YL-103,中國醫藥大學北港附設醫院(媽祖醫院),北港鎮,機關醫療,120.301234,23.578912,新德路123號（媽祖醫院大門）,智慧自行車 (Smart Bike) / 電動輔助車 (E-Bike),MOOVO APP 掃碼 / 電子票證 (悠遊卡/一卡通/TPASS通勤月票),智慧自行車：前半小時享縣府補助優惠 / 電輔車：20元/前30分鐘,正常營運,北港鎮重要MOOVO租借點，位於中國醫藥大學北港附設醫院(媽祖醫院)，支援APP掃碼與TPASS月票，串聯周邊景點與通勤動線。,"MOOVO,TPASS適用,北港鎮,機關醫療","https://www.google.com/maps/search/?api=1&query=23.578912,120.301234"
MOOVO-YL-104,北港鎮公所,北港鎮,機關醫療,120.307891,23.575612,華勝路136號（公所廣場）,智慧自行車 (Smart Bike) / 電動輔助車 (E-Bike),MOOVO APP 掃碼 / 電子票證 (悠遊卡/一卡通/TPASS通勤月票),智慧自行車：前半小時享縣府補助優惠 / 電輔車：20元/前30分鐘,正常營運,北港鎮重要MOOVO租借點，位於北港鎮公所，支援APP掃碼與TPASS月票，串聯周邊景點與通勤動線。,"MOOVO,TPASS適用,北港鎮,機關醫療","https://www.google.com/maps/search/?api=1&query=23.575612,120.307891"
MOOVO-YL-105,國立北港高級中學,北港鎮,學校文教,120.301234,23.571234,成功路1號（北港高中校門口）,智慧自行車 (Smart Bike) / 電動輔助車 (E-Bike),MOOVO APP 掃碼 / 電子票證 (悠遊卡/一卡通/TPASS通勤月票),智慧自行車：前半小時享縣府補助優惠 / 電輔車：20元/前30分鐘,正常營運,北港鎮重要MOOVO租借點，位於國立北港高級中學，支援APP掃碼與TPASS月票，串聯周邊景點與通勤動線。,"MOOVO,TPASS適用,北港鎮,學校文教","https://www.google.com/maps/search/?api=1&query=23.571234,120.301234"
MOOVO-YL-106,國立北港高級農工職業學校,北港鎮,學校文教,120.308912,23.578123,太平路80號（北港農工前）,智慧自行車 (Smart Bike) / 電動輔助車 (E-Bike),MOOVO APP 掃碼 / 電子票證 (悠遊卡/一卡通/TPASS通勤月票),智慧自行車：前半小時享縣府補助優惠 / 電輔車：20元/前30分鐘,正常營運,北港鎮重要MOOVO租借點，位於國立北港高級農工職業學校，支援APP掃碼與TPASS月票，串聯周邊景點與通勤動線。,"MOOVO,TPASS適用,北港鎮,學校文教","https://www.google.com/maps/search/?api=1&query=23.578123,120.308912"
MOOVO-YL-107,北港糖廠文創園區,北港鎮,觀光休閒,120.295678,23.569812,光復路北港糖廠大門旁,智慧自行車 (Smart Bike) / 電動輔助車 (E-Bike),MOOVO APP 掃碼 / 電子票證 (悠遊卡/一卡通/TPASS通勤月票),智慧自行車：前半小時享縣府補助優惠 / 電輔車：20元/前30分鐘,正常營運,北港鎮重要MOOVO租借點，位於北港糖廠文創園區，支援APP掃碼與TPASS月票，串聯周邊景點與通勤動線。,"MOOVO,TPASS適用,北港鎮,觀光休閒","https://www.google.com/maps/search/?api=1&query=23.569812,120.295678"
MOOVO-YL-108,土庫順天宮(塗褲媽),土庫鎮,宗教社區,120.362145,23.693124,中正路109號（順天宮媽祖廟前）,智慧自行車 (Smart Bike) / 電動輔助車 (E-Bike),MOOVO APP 掃碼 / 電子票證 (悠遊卡/一卡通/TPASS通勤月票),智慧自行車：前半小時享縣府補助優惠 / 電輔車：20元/前30分鐘,正常營運,土庫鎮重要MOOVO租借點，位於土庫順天宮(塗褲媽)，支援APP掃碼與TPASS月票，串聯周邊景點與通勤動線。,"MOOVO,TPASS適用,土庫鎮,宗教社區","https://www.google.com/maps/search/?api=1&query=23.693124,120.362145"
MOOVO-YL-109,土庫鎮公所 / 圖書館,土庫鎮,機關醫療,120.360123,23.690876,石廟里中正路1號（公所大門旁）,智慧自行車 (Smart Bike) / 電動輔助車 (E-Bike),MOOVO APP 掃碼 / 電子票證 (悠遊卡/一卡通/TPASS通勤月票),智慧自行車：前半小時享縣府補助優惠 / 電輔車：20元/前30分鐘,正常營運,土庫鎮重要MOOVO租借點，位於土庫鎮公所 / 圖書館，支援APP掃碼與TPASS月票，串聯周邊景點與通勤動線。,"MOOVO,TPASS適用,土庫鎮,機關醫療","https://www.google.com/maps/search/?api=1&query=23.690876,120.360123"
MOOVO-YL-110,土庫故事屋,土庫鎮,觀光休閒,120.361876,23.692456,成功路土庫故事屋前,智慧自行車 (Smart Bike) / 電動輔助車 (E-Bike),MOOVO APP 掃碼 / 電子票證 (悠遊卡/一卡通/TPASS通勤月票),智慧自行車：前半小時享縣府補助優惠 / 電輔車：20元/前30分鐘,正常營運,土庫鎮重要MOOVO租借點，位於土庫故事屋，支援APP掃碼與TPASS月票，串聯周邊景點與通勤動線。,"MOOVO,TPASS適用,土庫鎮,觀光休閒","https://www.google.com/maps/search/?api=1&query=23.692456,120.361876"
MOOVO-YL-111,土庫國中(印度櫻花大道),土庫鎮,學校文教,120.323412,23.676543,馬光路土庫國中旁,智慧自行車 (Smart Bike) / 電動輔助車 (E-Bike),MOOVO APP 掃碼 / 電子票證 (悠遊卡/一卡通/TPASS通勤月票),智慧自行車：前半小時享縣府補助優惠 / 電輔車：20元/前30分鐘,正常營運,土庫鎮重要MOOVO租借點，位於土庫國中(印度櫻花大道)，支援APP掃碼與TPASS月票，串聯周邊景點與通勤動線。,"MOOVO,TPASS適用,土庫鎮,學校文教","https://www.google.com/maps/search/?api=1&query=23.676543,120.323412"
MOOVO-YL-112,馬光順安宮,土庫鎮,宗教社區,120.322891,23.676123,馬光路馬光順安宮前,智慧自行車 (Smart Bike) / 電動輔助車 (E-Bike),MOOVO APP 掃碼 / 電子票證 (悠遊卡/一卡通/TPASS通勤月票),智慧自行車：前半小時享縣府補助優惠 / 電輔車：20元/前30分鐘,正常營運,土庫鎮重要MOOVO租借點，位於馬光順安宮，支援APP掃碼與TPASS月票，串聯周邊景點與通勤動線。,"MOOVO,TPASS適用,土庫鎮,宗教社區","https://www.google.com/maps/search/?api=1&query=23.676123,120.322891"
MOOVO-YL-113,口湖遊客中心,口湖鄉,觀光休閒,120.174321,23.582145,光明路163號（口湖遊客中心停車場）,智慧自行車 (Smart Bike) / 電動輔助車 (E-Bike),MOOVO APP 掃碼 / 電子票證 (悠遊卡/一卡通/TPASS通勤月票),智慧自行車：前半小時享縣府補助優惠 / 電輔車：20元/前30分鐘,正常營運,口湖鄉重要MOOVO租借點，位於口湖遊客中心，支援APP掃碼與TPASS月票，串聯周邊景點與通勤動線。,"MOOVO,TPASS適用,口湖鄉,觀光休閒","https://www.google.com/maps/search/?api=1&query=23.582145,120.174321"
MOOVO-YL-114,椬梧滯洪池(小日月潭),口湖鄉,觀光休閒,120.165432,23.568765,椬梧滯洪池景觀環湖步道起點,智慧自行車 (Smart Bike) / 電動輔助車 (E-Bike),MOOVO APP 掃碼 / 電子票證 (悠遊卡/一卡通/TPASS通勤月票),智慧自行車：前半小時享縣府補助優惠 / 電輔車：20元/前30分鐘,正常營運,口湖鄉重要MOOVO租借點，位於椬梧滯洪池(小日月潭)，支援APP掃碼與TPASS月票，串聯周邊景點與通勤動線。,"MOOVO,TPASS適用,口湖鄉,觀光休閒","https://www.google.com/maps/search/?api=1&query=23.568765,120.165432"
MOOVO-YL-115,口湖鄉公所 / 圖書館,口湖鄉,機關醫療,120.187654,23.582145,口湖路200號（公所廣場）,智慧自行車 (Smart Bike) / 電動輔助車 (E-Bike),MOOVO APP 掃碼 / 電子票證 (悠遊卡/一卡通/TPASS通勤月票),智慧自行車：前半小時享縣府補助優惠 / 電輔車：20元/前30分鐘,正常營運,口湖鄉重要MOOVO租借點，位於口湖鄉公所 / 圖書館，支援APP掃碼與TPASS月票，串聯周邊景點與通勤動線。,"MOOVO,TPASS適用,口湖鄉,機關醫療","https://www.google.com/maps/search/?api=1&query=23.582145,120.187654"
MOOVO-YL-116,金湖萬善爺廟 / 箔仔寮,口湖鄉,宗教社區,120.156781,23.608912,港東村萬善爺廟前廣場,智慧自行車 (Smart Bike) / 電動輔助車 (E-Bike),MOOVO APP 掃碼 / 電子票證 (悠遊卡/一卡通/TPASS通勤月票),智慧自行車：前半小時享縣府補助優惠 / 電輔車：20元/前30分鐘,正常營運,口湖鄉重要MOOVO租借點，位於金湖萬善爺廟 / 箔仔寮，支援APP掃碼與TPASS月票，串聯周邊景點與通勤動線。,"MOOVO,TPASS適用,口湖鄉,宗教社區","https://www.google.com/maps/search/?api=1&query=23.608912,120.156781"
MOOVO-YL-117,顏思齊故事館 / 水林公所,水林鄉,學校文教,120.245678,23.571432,水林路顏思齊開台故事館旁,智慧自行車 (Smart Bike) / 電動輔助車 (E-Bike),MOOVO APP 掃碼 / 電子票證 (悠遊卡/一卡通/TPASS通勤月票),智慧自行車：前半小時享縣府補助優惠 / 電輔車：20元/前30分鐘,正常營運,水林鄉重要MOOVO租借點，位於顏思齊故事館 / 水林公所，支援APP掃碼與TPASS月票，串聯周邊景點與通勤動線。,"MOOVO,TPASS適用,水林鄉,學校文教","https://www.google.com/maps/search/?api=1&query=23.571432,120.245678"
MOOVO-YL-118,水林通天府,水林鄉,宗教社區,120.248123,23.568912,水北村水林路通天府前廣場,智慧自行車 (Smart Bike) / 電動輔助車 (E-Bike),MOOVO APP 掃碼 / 電子票證 (悠遊卡/一卡通/TPASS通勤月票),智慧自行車：前半小時享縣府補助優惠 / 電輔車：20元/前30分鐘,正常營運,水林鄉重要MOOVO租借點，位於水林通天府，支援APP掃碼與TPASS月票，串聯周邊景點與通勤動線。,"MOOVO,TPASS適用,水林鄉,宗教社區","https://www.google.com/maps/search/?api=1&query=23.568912,120.248123"
MOOVO-YL-119,蕃薯厝順天宮(蕃薯寮媽),水林鄉,宗教社區,120.261234,23.551234,蕃薯村順天宮廟埕,智慧自行車 (Smart Bike) / 電動輔助車 (E-Bike),MOOVO APP 掃碼 / 電子票證 (悠遊卡/一卡通/TPASS通勤月票),智慧自行車：前半小時享縣府補助優惠 / 電輔車：20元/前30分鐘,正常營運,水林鄉重要MOOVO租借點，位於蕃薯厝順天宮(蕃薯寮媽)，支援APP掃碼與TPASS月票，串聯周邊景點與通勤動線。,"MOOVO,TPASS適用,水林鄉,宗教社區","https://www.google.com/maps/search/?api=1&query=23.551234,120.261234"
MOOVO-YL-120,古坑綠色隧道公園(正門),古坑鄉,觀光休閒,120.548971,23.662145,湳仔綠色隧道公園正門入口,智慧自行車 (Smart Bike) / 電動輔助車 (E-Bike),MOOVO APP 掃碼 / 電子票證 (悠遊卡/一卡通/TPASS通勤月票),智慧自行車：前半小時享縣府補助優惠 / 電輔車：20元/前30分鐘,正常營運,古坑鄉重要MOOVO租借點，位於古坑綠色隧道公園(正門)，支援APP掃碼與TPASS月票，串聯周邊景點與通勤動線。,"MOOVO,TPASS適用,古坑鄉,觀光休閒","https://www.google.com/maps/search/?api=1&query=23.662145,120.548971"
MOOVO-YL-121,古坑綠色隧道公園(驛站),古坑鄉,觀光休閒,120.546781,23.660123,綠色隧道鐵道市集旁,智慧自行車 (Smart Bike) / 電動輔助車 (E-Bike),MOOVO APP 掃碼 / 電子票證 (悠遊卡/一卡通/TPASS通勤月票),智慧自行車：前半小時享縣府補助優惠 / 電輔車：20元/前30分鐘,正常營運,古坑鄉重要MOOVO租借點，位於古坑綠色隧道公園(驛站)，支援APP掃碼與TPASS月票，串聯周邊景點與通勤動線。,"MOOVO,TPASS適用,古坑鄉,觀光休閒","https://www.google.com/maps/search/?api=1&query=23.660123,120.546781"
MOOVO-YL-122,古坑鄉公所 / 圖書館,古坑鄉,機關醫療,120.562345,23.644123,中山路180號（公所前廣場）,智慧自行車 (Smart Bike) / 電動輔助車 (E-Bike),MOOVO APP 掃碼 / 電子票證 (悠遊卡/一卡通/TPASS通勤月票),智慧自行車：前半小時享縣府補助優惠 / 電輔車：20元/前30分鐘,正常營運,古坑鄉重要MOOVO租借點，位於古坑鄉公所 / 圖書館，支援APP掃碼與TPASS月票，串聯周邊景點與通勤動線。,"MOOVO,TPASS適用,古坑鄉,機關醫療","https://www.google.com/maps/search/?api=1&query=23.644123,120.562345"
MOOVO-YL-123,劍湖山世界主題樂園(山腳接駁),古坑鄉,觀光休閒,120.571234,23.618912,光興路劍湖山山腳接駁處,智慧自行車 (Smart Bike) / 電動輔助車 (E-Bike),MOOVO APP 掃碼 / 電子票證 (悠遊卡/一卡通/TPASS通勤月票),智慧自行車：前半小時享縣府補助優惠 / 電輔車：20元/前30分鐘,正常營運,古坑鄉重要MOOVO租借點，位於劍湖山世界主題樂園(山腳接駁)，支援APP掃碼與TPASS月票，串聯周邊景點與通勤動線。,"MOOVO,TPASS適用,古坑鄉,觀光休閒","https://www.google.com/maps/search/?api=1&query=23.618912,120.571234"
