行政區,門市名稱,店舖代號,詳細地址,緯度(Latitude),經度(Longitude),營業時間,洗手間/公廁服務,內用休憩座位,Fami!ce霜淇淋,Let's Café咖啡,FamiPort事務機,ATM自動櫃員機,行動電源租借,Gogoro換電站,全部服務項目彙整,網站小卡文案簡介,特色標籤,站點代碼,Google地圖連結
斗六市,全家斗六車站店,18520,雲林縣斗六市民生路187號 (斗六火車站2F大廳/出入口),23.709923,120.543438,24小時營業,提供 (火車站站內公廁連通),提供 (內用休憩座位區),提供 (Fami!ce 霜淇淋),提供 (Let's Café 單品咖啡/私品茶),提供 (FamiPort多功能事務機),提供 (國泰世華/台新ATM),提供 (智慧手機行動電源租借/USB),無,"洗手間,內用座位區,Fami!ce霜淇淋,Let's Café,FamiPort,ATM,悠遊卡/一卡通加值,行動電源租借,台鐵轉乘",斗六火車站站體內門市，下火車租借 MOOVO 前第一線補給站，提供咖啡、霜淇淋與票證加值。,"火車站內,24H,霜淇淋,單品咖啡,MOOVO接駁",FM-YL-001,"https://www.google.com/maps/search/?api=1&query=23.709923,120.543438"
斗六市,全家斗六雲科店,16842,雲林縣斗六市大學路三段123號 (雲林科技大學生活廣場旁),23.694512,120.534891,24小時營業,提供 (店內顧客專用洗手間),提供 (超大空間學生休憩座位區),提供 (Fami!ce 霜淇淋),提供 (Let's Café 單品咖啡),提供 (FamiPort機台/相片沖印),提供 (ATM自動櫃員機),提供 (ChargeSPOT 行動電源租借),提供 (周邊設有Gogoro換電站),"店內洗手間,大型座位區,Fami!ce霜淇淋,Let's Café,FamiPort,相片沖印,ATM,行動電源,Gogoro換電",座落雲科大校園門戶，設有超大寬敞內用休憩區與洗手間，學生與單車騎士補水吹冷氣首選。,"雲科大門市,大座位區,店內公廁,霜淇淋,Gogoro",FM-YL-002,"https://www.google.com/maps/search/?api=1&query=23.694512,120.534891"
斗六市,全家斗六西平店,17215,雲林縣斗六市西平路168號,23.715678,120.538765,24小時營業,提供 (顧客專用洗手間),提供 (休憩座位區),提供 (Fami!ce 霜淇淋),提供 (Let's Café 單品咖啡),提供 (FamiPort),提供 (ATM),提供 (行動電源租借),無,"洗手間,座位區,Fami!ce霜淇淋,Let's Café,FamiPort,ATM,微波加熱,現烤熟食",斗六往莿桐、西螺主幹道門市，停車便利，提供乾淨洗手間與現烤點心熟食補給。,"西平幹道,店內洗手間,霜淇淋,熟食補給",FM-YL-003,"https://www.google.com/maps/search/?api=1&query=23.715678,120.538765"
斗六市,全家斗六棒球店,19431,雲林縣斗六市明德北路二段300號,23.717123,120.548123,24小時營業,提供 (洗手間/無障礙友善),提供 (景觀內用座位區),提供 (Fami!ce 霜淇淋),提供 (Let's Café / 私品茶),提供 (FamiPort),提供 (ATM),提供 (行動電源租借),提供 (Gogoro換電站),"洗手間,座位區,Fami!ce霜淇淋,Let's Café,FamiPort,ATM,Gogoro換電站,免費熱水供應",斗六國際棒球場正對面，場地極大且設有停車格，車友外環巡航熱門中繼站。,"棒球場正對面,大型門市,Gogoro,霜淇淋,水廁齊備",FM-YL-004,"https://www.google.com/maps/search/?api=1&query=23.717123,120.548123"
斗六市,全家斗六鎮南店,15890,雲林縣斗六市鎮南路215號,23.701234,120.542891,24小時營業,提供 (顧客洗手間),提供 (內用休憩區),提供 (Fami!ce 霜淇淋),提供 (Let's Café),提供 (FamiPort),提供 (ATM),提供 (行動電源),無,"洗手間,座位區,Fami!ce霜淇淋,Let's Café,FamiPort,ATM,包裹寄取,熱水補給",斗六南側住宅與觀光夜市生活圈，提供全天候現煮咖啡、水廁及充氣休息服務。,"鎮南商圈,觀光夜市旁,洗手間,霜淇淋",FM-YL-005,"https://www.google.com/maps/search/?api=1&query=23.701234,120.542891"
斗六市,全家斗六雲林店,14521,雲林縣斗六市雲林路二段420號,23.701891,120.533412,24小時營業,提供 (顧客專用洗手間),提供 (座位區),提供 (Fami!ce 霜淇淋),提供 (Let's Café 單品咖啡),提供 (FamiPort),提供 (ATM),提供 (行動電源租借),無,"洗手間,座位區,Fami!ce霜淇淋,Let's Café,FamiPort,ATM,現烤烘焙,冷熱水",鄰近雲林縣政府、家樂福與文化觀光處，洽公與文創園區騎乘便利水廁點。,"縣政府旁,家樂福商圈,洗手間,單品咖啡",FM-YL-006,"https://www.google.com/maps/search/?api=1&query=23.701891,120.533412"
斗六市,全家斗六石榴店,18112,雲林縣斗六市石榴路280號,23.732145,120.581234,24小時營業,提供 (洗手間),提供 (座位區),提供 (Fami!ce 霜淇淋),提供 (Let's Café),提供 (FamiPort),提供 (ATM),提供 (行動電源租借),提供 (Gogoro換電站),"洗手間,座位區,Fami!ce霜淇淋,Let's Café,FamiPort,ATM,Gogoro換電,台3線補給",省道台3線石榴班路段重要門市，台3線騎士往林內、南投必經的大型休息站。,"台3線省道,石榴門市,Gogoro,水廁完備",FM-YL-007,"https://www.google.com/maps/search/?api=1&query=23.732145,120.581234"
斗六市,全家斗六保長店,19003,雲林縣斗六市保長路105號,23.718912,120.528765,24小時營業,提供 (洗手間),提供 (座位區),提供 (Fami!ce 霜淇淋),提供 (Let's Café),提供 (FamiPort),提供 (ATM),提供 (行動電源),無,"洗手間,座位區,Fami!ce霜淇淋,Let's Café,FamiPort,ATM,冷熱飲水",斗六西側往虎尾、高鐵聯絡道門市，提供車友快速補給與如廁服務。,"保長商圈,往虎尾幹道,洗手間,霜淇淋",FM-YL-008,"https://www.google.com/maps/search/?api=1&query=23.718912,120.528765"
虎尾鎮,全家虎尾高鐵店,18899,雲林縣虎尾鎮站前東路301號 (台灣高鐵雲林站大廳內),23.738128,120.432654,06:00-23:30 (配合高鐵營運),提供 (高鐵車站大廳五星級洗手間),提供 (高鐵大廳座位區),提供 (Fami!ce 霜淇淋),提供 (Let's Café 單品咖啡),提供 (FamiPort),提供 (高鐵站內ATM),提供 (行動電源租借/高鐵充電插座),提供 (高鐵停車場Gogoro換電站),"高鐵洗手間,大廳座位,Fami!ce霜淇淋,Let's Café,FamiPort,ATM,高鐵票務,MOOVO租借",高鐵雲林站內核心門市，返鄉、商務及鐵馬漫遊起點，支援多元電子支付與補給。,"高鐵站內,霜淇淋,單品咖啡,MOOVO接駁,商務補給",FM-YL-009,"https://www.google.com/maps/search/?api=1&query=23.738128,120.432654"
虎尾鎮,全家虎尾虎科店,16554,雲林縣虎尾鎮文化路55號 (虎尾科技大學第一校區對面),23.704512,120.435432,24小時營業,提供 (顧客洗手間),提供 (寬敞內用座位區),提供 (Fami!ce 霜淇淋),提供 (Let's Café 單品咖啡),提供 (FamiPort/影印列印),提供 (ATM),提供 (行動電源租借),無,"洗手間,大座位區,Fami!ce霜淇淋,Let's Café,FamiPort,ATM,熱食點心,相片列印",虎尾科技大學校門口正對面，學生與車友聚集熱點，座位多、冷氣強、機能完備。,"虎科大門口,文化路商圈,大座位區,洗手間,霜淇淋",FM-YL-010,"https://www.google.com/maps/search/?api=1&query=23.704512,120.435432"
虎尾鎮,全家虎尾林森店,15421,雲林縣虎尾鎮林森路二段180號,23.710891,120.430123,24小時營業,提供 (洗手間),提供 (座位區),提供 (Fami!ce 霜淇淋),提供 (Let's Café),提供 (FamiPort),提供 (ATM),提供 (行動電源租借),提供 (Gogoro換電站),"洗手間,座位區,Fami!ce霜淇淋,Let's Café,FamiPort,ATM,Gogoro換電,現烤點心",虎尾林森路主幹道直營風格大店，停車便利，設有 Gogoro 換電站與顧客公廁。,"林森路主線,Gogoro換電,洗手間,霜淇淋",FM-YL-011,"https://www.google.com/maps/search/?api=1&query=23.710891,120.430123"
虎尾鎮,全家虎尾布袋戲店,17892,雲林縣虎尾鎮林森路一段510號 (布袋戲館/故事館旁),23.709123,120.434123,24小時營業,提供 (顧客洗手間),提供 (座位區),提供 (Fami!ce 霜淇淋),提供 (Let's Café 單品咖啡),提供 (FamiPort),提供 (ATM),提供 (行動電源租借),無,"洗手間,座位區,Fami!ce霜淇淋,Let's Café,FamiPort,ATM,文化景點旁,悠遊卡加值",座落虎尾文化四館核心，逛完布袋戲館與故事館後，最佳吹冷氣吃冰歇腳處。,"布袋戲館旁,故事館周邊,文化商圈,霜淇淋,洗手間",FM-YL-012,"https://www.google.com/maps/search/?api=1&query=23.709123,120.434123"
虎尾鎮,全家虎尾平和店,18654,雲林縣虎尾鎮平和路92號,23.702145,120.438912,24小時營業,提供 (洗手間),提供 (座位區),提供 (Fami!ce 霜淇淋),提供 (Let's Café),提供 (FamiPort),提供 (ATM),提供 (行動電源),無,"洗手間,座位區,Fami!ce霜淇淋,Let's Café,FamiPort,ATM,熱水補給",虎尾糖廠與同心公園周邊生活圈，鄰近糖鐵五分車動線，補水便利。,"糖廠周邊,同心公園旁,洗手間,霜淇淋",FM-YL-013,"https://www.google.com/maps/search/?api=1&query=23.702145,120.438912"
虎尾鎮,全家虎尾學府店,19782,雲林縣虎尾鎮學府路120號 (高鐵特定區/臺大醫院旁),23.732145,120.437654,24小時營業,提供 (洗手間/無障礙),提供 (明亮座位區),提供 (Fami!ce 霜淇淋),提供 (Let's Café 單品咖啡),提供 (FamiPort),提供 (ATM),提供 (行動電源租借),提供 (Gogoro換電站),"洗手間,座位區,Fami!ce霜淇淋,Let's Café,FamiPort,ATM,Gogoro,臺大醫院旁",高鐵特定區新興大門市，臺大虎尾院區旁，空間開闊乾淨，附設換電站與水廁。,"高鐵特區,臺大醫院旁,Gogoro,無障礙洗手間",FM-YL-014,"https://www.google.com/maps/search/?api=1&query=23.732145,120.437654"
斗南鎮,全家斗南車站店,17120,雲林縣斗南鎮中山路2號 (斗南火車站前廣場),23.679123,120.481543,24小時營業,提供 (洗手間),提供 (座位區),提供 (Fami!ce 霜淇淋),提供 (Let's Café 單品咖啡),提供 (FamiPort),提供 (ATM),提供 (行動電源租借),無,"洗手間,座位區,Fami!ce霜淇淋,Let's Café,FamiPort,ATM,台鐵轉乘,MOOVO站旁",斗南火車站站前出口第一家，鄰近 MOOVO 站點與老街，轉乘與出發必備補給處。,"斗南火車站,站前廣場,MOOVO接駁,霜淇淋,洗手間",FM-YL-015,"https://www.google.com/maps/search/?api=1&query=23.679123,120.481543"
斗南鎮,全家斗南延平店,16234,雲林縣斗南鎮延平路二段88號,23.685412,120.489123,24小時營業,提供 (洗手間),提供 (座位區),提供 (Fami!ce 霜淇淋),提供 (Let's Café),提供 (FamiPort),提供 (ATM),提供 (行動電源),提供 (Gogoro換電站),"洗手間,座位區,Fami!ce霜淇淋,Let's Café,FamiPort,ATM,Gogoro換電,台1線省道",省道台1線縱貫公路重要門市，設有大型停車空間與 Gogoro 換電，車友環島指定補給點。,"台1線省道,單車環島,Gogoro,洗手間,霜淇淋",FM-YL-016,"https://www.google.com/maps/search/?api=1&query=23.685412,120.489123"
斗南鎮,全家斗南順安店,18342,雲林縣斗南鎮長安路一段110號 (順安宮旁),23.675678,120.480543,24小時營業,提供 (洗手間),提供 (座位區),提供 (Fami!ce 霜淇淋),提供 (Let's Café),提供 (FamiPort),提供 (ATM),提供 (行動電源租借),無,"洗手間,座位區,Fami!ce霜淇淋,Let's Café,FamiPort,ATM,廟口美食商圈",斗南順安宮媽祖廟旁，深入斗南傳統小吃商圈的舒適水廁加水門市。,"順安宮旁,廟口商圈,洗手間,霜淇淋",FM-YL-017,"https://www.google.com/maps/search/?api=1&query=23.675678,120.480543"
斗南鎮,全家斗南交流店,19124,雲林縣斗南鎮大同路550號,23.673891,120.463214,24小時營業,提供 (洗手間/無障礙),提供 (大型座位區),提供 (Fami!ce 霜淇淋),提供 (Let's Café 單品咖啡),提供 (FamiPort),提供 (ATM),提供 (行動電源),提供 (Gogoro換電站),"洗手間,大座位區,Fami!ce霜淇淋,Let's Café,FamiPort,ATM,Gogoro,國道交流道旁",斗南交流道與158縣道交會處旗艦大店，腹地大、好停車，水廁完備。,"交流道旗艦,大座位區,Gogoro,水廁齊備",FM-YL-018,"https://www.google.com/maps/search/?api=1&query=23.673891,120.463214"
西螺鎮,全家西螺大橋店,17789,雲林縣西螺鎮建興路280號 (西螺大橋南端路口),23.802145,120.462891,24小時營業,提供 (洗手間),提供 (景觀休憩座位區),提供 (Fami!ce 霜淇淋),提供 (Let's Café 單品咖啡),提供 (FamiPort),提供 (ATM),提供 (行動電源租借),提供 (Gogoro換電站),"洗手間,座位區,Fami!ce霜淇淋,Let's Café,FamiPort,ATM,Gogoro,大橋景觀,MOOVO站旁",西螺大橋南端經典地標門市，過橋前後必訪，設有 Gogoro 換電、霜淇淋與水廁。,"西螺大橋旁,老街起點,Gogoro,霜淇淋,景觀座位",FM-YL-019,"https://www.google.com/maps/search/?api=1&query=23.802145,120.462891"
西螺鎮,全家西螺福興店,16982,雲林縣西螺鎮延平路160號 (福興宮太平媽旁),23.800891,120.461876,24小時營業,提供 (洗手間),提供 (古風座位區),提供 (Fami!ce 霜淇淋),提供 (Let's Café),提供 (FamiPort),提供 (ATM),提供 (行動電源),無,"洗手間,座位區,Fami!ce霜淇淋,Let's Café,FamiPort,ATM,老街商圈,特色伴手禮",座落西螺延平老街核心，福興宮旁，建築帶有復古風格，老街漫遊補水首選。,"延平老街,福興宮旁,復古門市,霜淇淋,洗手間",FM-YL-020,"https://www.google.com/maps/search/?api=1&query=23.800891,120.461876"
西螺鎮,全家西螺中山店,15671,雲林縣西螺鎮中山路150號,23.797812,120.460123,24小時營業,提供 (洗手間),提供 (座位區),提供 (Fami!ce 霜淇淋),提供 (Let's Café),提供 (FamiPort),提供 (ATM),提供 (行動電源),無,"洗手間,座位區,Fami!ce霜淇淋,Let's Café,FamiPort,ATM,西螺轉運站旁",鄰近西螺轉運站與國道客運下車點，轉乘單車或公車之重要補給水廁站。,"轉運站旁,中山商圈,洗手間,霜淇淋",FM-YL-021,"https://www.google.com/maps/search/?api=1&query=23.797812,120.460123"
西螺鎮,全家西螺交流店,18901,雲林縣西螺鎮中山路260號,23.783412,120.467812,24小時營業,提供 (特優洗手間/無障礙),提供 (大型內用區),提供 (Fami!ce 霜淇淋),提供 (Let's Café 單品咖啡),提供 (FamiPort),提供 (ATM),提供 (行動電源租借),提供 (Gogoro換電站),"特優洗手間,大座位區,Fami!ce霜淇淋,Let's Café,FamiPort,ATM,Gogoro,交流道樞紐",國道1號西螺交流道口大型旗艦店，停車位充足，設備新穎完備。,"交流道旗艦,大停車場,Gogoro,無障礙洗手間",FM-YL-022,"https://www.google.com/maps/search/?api=1&query=23.783412,120.467812"
北港鎮,全家北港朝天店,16781,雲林縣北港鎮民主路88號 (朝天宮廟前商圈),23.567812,120.303891,24小時營業,提供 (洗手間),提供 (座位區),提供 (Fami!ce 霜淇淋),提供 (Let's Café 單品咖啡),提供 (FamiPort),提供 (ATM),提供 (行動電源租借),無,"洗手間,座位區,Fami!ce霜淇淋,Let's Café,FamiPort,ATM,朝天宮旁,特色進香補給",朝天宮老街核心門市，香客與觀光客如織，提供清涼霜淇淋、水廁與行動電源。,"朝天宮老街,進香熱點,霜淇淋,洗手間,單品咖啡",FM-YL-023,"https://www.google.com/maps/search/?api=1&query=23.567812,120.303891"
北港鎮,全家北港武德店,18234,雲林縣北港鎮華勝路320號 (五路武財神武德宮旁),23.584512,120.305678,24小時營業,提供 (顧客洗手間),提供 (大內用座位區),提供 (Fami!ce 霜淇淋),提供 (Let's Café 單品咖啡),提供 (FamiPort),提供 (ATM),提供 (行動電源租借),提供 (Gogoro換電站),"洗手間,大座位區,Fami!ce霜淇淋,Let's Café,FamiPort,ATM,Gogoro換電,武德宮旁,MOOVO站",全台財神祖廟武德宮旁，門市寬敞、設有 Gogoro 換電站與 MOOVO 站點，朝聖必停。,"武德宮旁,Gogoro換電,MOOVO站點,大座位區,霜淇淋",FM-YL-024,"https://www.google.com/maps/search/?api=1&query=23.584512,120.305678"
北港鎮,全家北港華勝店,15902,雲林縣北港鎮華勝路120號,23.576123,120.307123,24小時營業,提供 (洗手間),提供 (座位區),提供 (Fami!ce 霜淇淋),提供 (Let's Café),提供 (FamiPort),提供 (ATM),提供 (行動電源),無,"洗手間,座位區,Fami!ce霜淇淋,Let's Café,FamiPort,ATM,台19線主線,冷熱水",台19線省道北港門戶主幹道門市，南下嘉義新港或北上元長重要中繼補給站。,"台19線省道,華勝商圈,洗手間,霜淇淋",FM-YL-025,"https://www.google.com/maps/search/?api=1&query=23.576123,120.307123"
北港鎮,全家北港文仁店,19231,雲林縣北港鎮文仁路156號,23.571234,120.298765,24小時營業,提供 (洗手間),提供 (座位區),提供 (Fami!ce 霜淇淋),提供 (Let's Café),提供 (FamiPort),提供 (ATM),提供 (行動電源),無,"洗手間,座位區,Fami!ce霜淇淋,Let's Café,FamiPort,ATM,媽祖醫院周邊",北港運動公園與中國醫藥大學媽祖醫院生活圈，環境安靜，水廁舒適。,"媽祖醫院旁,文化中心周邊,洗手間,霜淇淋",FM-YL-026,"https://www.google.com/maps/search/?api=1&query=23.571234,120.298765"
古坑鄉,全家古坑綠隧店,17845,雲林縣古坑鄉湳仔村湳仔路18-1號 (綠色隧道公園入口),23.661234,120.547891,24小時營業,提供 (洗手間/無障礙),提供 (林蔭景觀座位區),提供 (Fami!ce 霜淇淋),提供 (Let's Café 單品咖啡/古坑咖啡聯名),提供 (FamiPort),提供 (ATM),提供 (行動電源租借),提供 (Gogoro換電站),"洗手間,景觀座位,Fami!ce霜淇淋,Let's Café,FamiPort,ATM,Gogoro,綠色隧道旁,MOOVO站",古坑綠色隧道公園旁超人氣門市，設有戶外景觀座位與換電站，假日單車慢活必訪。,"綠色隧道旁,景觀座位,Gogoro,MOOVO站,霜淇淋",FM-YL-027,"https://www.google.com/maps/search/?api=1&query=23.661234,120.547891"
古坑鄉,全家古坑中山店,16332,雲林縣古坑鄉中山路120號,23.644512,120.561876,24小時營業,提供 (洗手間),提供 (座位區),提供 (Fami!ce 霜淇淋),提供 (Let's Café),提供 (FamiPort),提供 (ATM),提供 (行動電源),無,"洗手間,座位區,Fami!ce霜淇淋,Let's Café,FamiPort,ATM,咖啡之鄉核心,爬坡前補給",古坑市街核心，挑戰華山爬坡與咖啡公路前最後平地全能便利補給站。,"古坑市區,爬坡前哨,洗手間,霜淇淋",FM-YL-028,"https://www.google.com/maps/search/?api=1&query=23.644512,120.561876"
古坑鄉,全家古坑永光店,18556,雲林縣古坑鄉光興路55號,23.619123,120.569812,24小時營業,提供 (洗手間),提供 (座位區),提供 (Fami!ce 霜淇淋),提供 (Let's Café),提供 (FamiPort),提供 (ATM),提供 (行動電源),提供 (Gogoro換電站),"洗手間,座位區,Fami!ce霜淇淋,Let's Café,FamiPort,ATM,Gogoro,劍湖山門戶",劍湖山世界山腳下與158乙線交會處，進山前的重要換電、加水與洗手間站點。,"劍湖山門戶,158乙線,Gogoro換電,洗手間",FM-YL-029,"https://www.google.com/maps/search/?api=1&query=23.619123,120.569812"
古坑鄉,全家古坑華山店,19881,雲林縣古坑鄉華山村華山35-1號 (華山咖啡大街入口),23.592891,120.597123,06:30-22:00,提供 (洗手間),提供 (山景休憩區),提供 (Fami!ce 霜淇淋),提供 (Let's Café 單品咖啡),提供 (FamiPort),提供 (ATM),提供 (行動電源租借),無,"洗手間,山景座位,Fami!ce霜淇淋,Let's Café,FamiPort,ATM,山區熱水,急救藥包",華山149縣道高海拔門市，公路車挑戰攻頂的救命補給站，提供熱水、咖啡與山景休憩。,"華山咖啡山頂,公路車爬坡熱點,山景座位,水廁補給",FM-YL-030,"https://www.google.com/maps/search/?api=1&query=23.592891,120.597123"
林內鄉,全家林內中正店,17234,雲林縣林內鄉中正路220號,23.757812,120.613891,24小時營業,提供 (洗手間),提供 (座位區),提供 (Fami!ce 霜淇淋),提供 (Let's Café),提供 (FamiPort),提供 (ATM),提供 (行動電源),提供 (Gogoro換電站),"洗手間,座位區,Fami!ce霜淇淋,Let's Café,FamiPort,ATM,Gogoro,林內車站商圈",林內市區台3線旁門市，近火車站與龍過脈步道，前往南投竹山前的重要補給大站。,"林內車站旁,台3線省道,Gogoro,霜淇淋,洗手間",FM-YL-031,"https://www.google.com/maps/search/?api=1&query=23.757812,120.613891"
林內鄉,全家林內重興店,18912,雲林縣林內鄉重興村中興路85號,23.746123,120.602145,24小時營業,提供 (洗手間),提供 (座位區),提供 (Fami!ce 霜淇淋),提供 (Let's Café),提供 (FamiPort),提供 (ATM),提供 (行動電源),無,"洗手間,座位區,Fami!ce霜淇淋,Let's Café,FamiPort,ATM,農村田園中繼",林內往斗六外環田園動線門市，安靜好停車，提供過路車友便利水廁。,"重興聚落,外環道,洗手間,霜淇淋",FM-YL-032,"https://www.google.com/maps/search/?api=1&query=23.746123,120.602145"
莿桐鄉,全家莿桐中正店,16891,雲林縣莿桐鄉中正路150號,23.761234,120.532145,24小時營業,提供 (洗手間),提供 (座位區),提供 (Fami!ce 霜淇淋),提供 (Let's Café),提供 (FamiPort),提供 (ATM),提供 (行動電源),提供 (Gogoro換電站),"洗手間,座位區,Fami!ce霜淇淋,Let's Café,FamiPort,ATM,Gogoro,台1線省道",台1線省道莿桐段核心門市，環島騎士必經，設有換電站、洗手間與美味霜淇淋。,"台1線省道,單車環島,Gogoro,霜淇淋,洗手間",FM-YL-033,"https://www.google.com/maps/search/?api=1&query=23.761234,120.532145"
莿桐鄉,全家莿桐饒平店,19342,雲林縣莿桐鄉饒平路66號,23.779123,120.562345,24小時營業,提供 (洗手間),提供 (座位區),提供 (Fami!ce 霜淇淋),提供 (Let's Café),提供 (FamiPort),提供 (ATM),提供 (行動電源),無,"洗手間,座位區,Fami!ce霜淇淋,Let's Café,FamiPort,ATM,154縣道,堤岸補給",縣道154線濁水溪堤防南岸門市，往林內與西螺中繼加水點。,"饒平聚落,154縣道,洗手間,霜淇淋",FM-YL-034,"https://www.google.com/maps/search/?api=1&query=23.779123,120.562345"
土庫鎮,全家土庫中正店,17112,雲林縣土庫鎮中正路135號 (順天宮老街商圈),23.692891,120.361876,24小時營業,提供 (洗手間),提供 (座位區),提供 (Fami!ce 霜淇淋),提供 (Let's Café 單品咖啡),提供 (FamiPort),提供 (ATM),提供 (行動電源租借),無,"洗手間,座位區,Fami!ce霜淇淋,Let's Café,FamiPort,ATM,順天宮旁,老街商圈",土庫老街核心門市，順天宮媽祖廟旁，吃完鴨肉麵線後的最佳吹冷氣補水點。,"土庫老街,順天宮旁,洗手間,霜淇淋,單品咖啡",FM-YL-035,"https://www.google.com/maps/search/?api=1&query=23.692891,120.361876"
土庫鎮,全家土庫馬光店,18781,雲林縣土庫鎮馬光路140號,23.676123,120.322891,24小時營業,提供 (洗手間),提供 (座位區),提供 (Fami!ce 霜淇淋),提供 (Let's Café),提供 (FamiPort),提供 (ATM),提供 (行動電源),提供 (Gogoro換電站),"洗手間,座位區,Fami!ce霜淇淋,Let's Café,FamiPort,ATM,Gogoro,櫻花大道旁",馬光聚落中心，緊鄰馬光國中印度櫻花大道，春季賞花與車友換電休憩大站。,"馬光聚落,櫻花大道旁,Gogoro換電,水廁齊備",FM-YL-036,"https://www.google.com/maps/search/?api=1&query=23.676123,120.322891"
大埤鄉,全家大埤南門店,16993,雲林縣大埤鄉南門街15號,23.646123,120.430891,24小時營業,提供 (洗手間),提供 (座位區),提供 (Fami!ce 霜淇淋),提供 (Let's Café),提供 (FamiPort),提供 (ATM),提供 (行動電源),無,"洗手間,座位區,Fami!ce霜淇淋,Let's Café,FamiPort,ATM,公所圖書館旁",大埤鄉公所與酸菜文化園區旁，酸菜之鄉的核心全家門市，水廁服務親切便利。,"酸菜之鄉,公所商圈,洗手間,霜淇淋",FM-YL-037,"https://www.google.com/maps/search/?api=1&query=23.646123,120.430891"
大埤鄉,全家大埤延平店,19451,雲林縣大埤鄉延平路二段30號,23.649123,120.434512,24小時營業,提供 (洗手間),提供 (座位區),提供 (Fami!ce 霜淇淋),提供 (Let's Café),提供 (FamiPort),提供 (ATM),提供 (行動電源),提供 (Gogoro換電站),"洗手間,座位區,Fami!ce霜淇淋,Let's Café,FamiPort,ATM,Gogoro換電,外環幹道",大埤外環道重要門市，方便停靠單車與電動機車換電，提供冰熱飲品與洗手間。,"大埤外環,Gogoro換電,洗手間,霜淇淋",FM-YL-038,"https://www.google.com/maps/search/?api=1&query=23.649123,120.434512"
二崙鄉,全家二崙中興店,17342,雲林縣二崙鄉中興路50號,23.771543,120.416123,24小時營業,提供 (洗手間),提供 (座位區),提供 (Fami!ce 霜淇淋),提供 (Let's Café),提供 (FamiPort),提供 (ATM),提供 (行動電源),提供 (Gogoro換電站),"洗手間,座位區,Fami!ce霜淇淋,Let's Café,FamiPort,ATM,Gogoro,詔安客家核心",二崙市區核心門市，詔安客家文化館旁，客庄單車漫遊重要補水與換電站。,"二崙市區,詔安客家,Gogoro,洗手間,霜淇淋",FM-YL-039,"https://www.google.com/maps/search/?api=1&query=23.771543,120.416123"
二崙鄉,全家二崙油車店,19561,雲林縣二崙鄉文化路70號,23.788123,120.382145,24小時營業,提供 (洗手間),提供 (座位區),提供 (Fami!ce 霜淇淋),提供 (Let's Café),提供 (FamiPort),提供 (ATM),提供 (行動電源),無,"洗手間,座位區,Fami!ce霜淇淋,Let's Café,FamiPort,ATM,154縣道,堤岸車道",154縣道油車聚落門市，濁水溪堤岸自行車路線重要補給點，水廁齊全。,"油車聚落,154縣道,濁水溪堤岸,洗手間",FM-YL-040,"https://www.google.com/maps/search/?api=1&query=23.788123,120.382145"
崙背鄉,全家崙背正義店,16912,雲林縣崙背鄉正義路160號,23.761891,120.358123,24小時營業,提供 (洗手間),提供 (座位區),提供 (Fami!ce 霜淇淋),提供 (Let's Café),提供 (FamiPort),提供 (ATM),提供 (行動電源),提供 (Gogoro換電站),"洗手間,座位區,Fami!ce霜淇淋,Let's Café,FamiPort,ATM,Gogoro,千巧谷旁,酪農專區",崙背酪農專區與千巧谷周邊門市，市區生活圈中心，換電、吃冰、洗手間全包。,"酪農之鄉,千巧谷周邊,Gogoro,霜淇淋,洗手間",FM-YL-041,"https://www.google.com/maps/search/?api=1&query=23.761891,120.358123"
崙背鄉,全家崙背豐榮店,19672,雲林縣崙背鄉豐榮路125號,23.778123,120.312345,24小時營業,提供 (洗手間),提供 (座位區),提供 (Fami!ce 霜淇淋),提供 (Let's Café),提供 (FamiPort),提供 (ATM),提供 (行動電源),無,"洗手間,座位區,Fami!ce霜淇淋,Let's Café,FamiPort,ATM,154縣道,西進海線門戶",154縣道西行往麥寮濱海公路門戶，進入沿海強風區前的重要加水補給站。,"豐榮聚落,海線門戶,154縣道,洗手間",FM-YL-042,"https://www.google.com/maps/search/?api=1&query=23.778123,120.312345"
麥寮鄉,全家麥寮中正店,17456,雲林縣麥寮鄉中正路55號 (拱範宮媽祖廟旁),23.747612,120.254678,24小時營業,提供 (洗手間),提供 (座位區),提供 (Fami!ce 霜淇淋),提供 (Let's Café 單品咖啡),提供 (FamiPort),提供 (ATM),提供 (行動電源租借),無,"洗手間,座位區,Fami!ce霜淇淋,Let's Café,FamiPort,ATM,拱範宮旁,老街商圈",國定古蹟拱範宮老街商圈核心，麥寮市區最熱鬧的加水如廁便利站。,"拱範宮旁,麥寮市區,霜淇淋,洗手間,單品咖啡",FM-YL-043,"https://www.google.com/maps/search/?api=1&query=23.747612,120.254678"
麥寮鄉,全家麥寮橋頭店,18789,雲林縣麥寮鄉仁德路35號,23.771891,120.250891,24小時營業,提供 (洗手間/無障礙),提供 (大座位區),提供 (Fami!ce 霜淇淋),提供 (Let's Café),提供 (FamiPort),提供 (ATM),提供 (行動電源),提供 (Gogoro換電站),"洗手間,大座位區,Fami!ce霜淇淋,Let's Café,FamiPort,ATM,Gogoro換電,台17線省道",台17線省道與橋頭商圈樞紐，空間大、設有 Gogoro 換電站，西濱騎士重要休息站。,"台17線省道,橋頭商圈,Gogoro,大座位區,水廁",FM-YL-044,"https://www.google.com/maps/search/?api=1&query=23.771891,120.250891"
麥寮鄉,全家麥寮六輕店,19912,雲林縣麥寮鄉工業路20號,23.770123,120.205678,24小時營業,提供 (特大顧客洗手間),提供 (大型休憩區),提供 (Fami!ce 霜淇淋),提供 (Let's Café),提供 (FamiPort),提供 (ATM),提供 (行動電源),提供 (Gogoro換電站),"大洗手間,大型座位,Fami!ce霜淇淋,Let's Café,FamiPort,ATM,Gogoro,六輕門戶,濱海強風避風",六輕工業區聯外幹道旗艦門市，海線極西公路段極具標誌性的避風與全能補給站。,"六輕門戶,極西濱海,Gogoro,特大洗手間,避風歇腳",FM-YL-045,"https://www.google.com/maps/search/?api=1&query=23.770123,120.205678"
臺西鄉,全家臺西中山店,17654,雲林縣臺西鄉中山路98號,23.702456,120.197123,24小時營業,提供 (洗手間),提供 (座位區),提供 (Fami!ce 霜淇淋),提供 (Let's Café),提供 (FamiPort),提供 (ATM),提供 (行動電源),提供 (Gogoro換電站),"洗手間,座位區,Fami!ce霜淇淋,Let's Café,FamiPort,ATM,Gogoro,海口市區核心",臺西市街中心，深入海口故事館與極西彩繪村的24小時補給大本營，支援換電與水廁。,"臺西市區,海口故鄉,Gogoro,霜淇淋,洗手間",FM-YL-046,"https://www.google.com/maps/search/?api=1&query=23.702456,120.197123"
臺西鄉,全家臺西五港店,19743,雲林縣臺西鄉五港村中央路66號 (安西府旁),23.718765,120.176123,24小時營業,提供 (洗手間),提供 (海風景觀座位區),提供 (Fami!ce 霜淇淋),提供 (Let's Café),提供 (FamiPort),提供 (ATM),提供 (行動電源),無,"洗手間,座位區,Fami!ce霜淇淋,Let's Café,FamiPort,ATM,安西府旁,海堤車道門戶",五條港安西府旁，濱海自行車道與風車海堤出發前的重要冰飲加水門市。,"五條港安西府,濱海車道,海風景觀,洗手間",FM-YL-047,"https://www.google.com/maps/search/?api=1&query=23.718765,120.176123"
東勢鄉,全家東勢東東店,17890,雲林縣東勢鄉東勢東路28號 (賜安宮旁),23.675891,120.254678,24小時營業,提供 (洗手間),提供 (座位區),提供 (Fami!ce 霜淇淋),提供 (Let's Café),提供 (FamiPort),提供 (ATM),提供 (行動電源),提供 (Gogoro換電站),"洗手間,座位區,Fami!ce霜淇淋,Let's Café,FamiPort,ATM,Gogoro,賜安宮商圈",東勢市區賜安宮旁，胡蘿蔔故鄉核心門市，設有 Gogoro 換電站與乾淨公廁。,"胡蘿蔔之鄉,東勢市區,Gogoro,洗手間,霜淇淋",FM-YL-048,"https://www.google.com/maps/search/?api=1&query=23.675891,120.254678"
東勢鄉,全家東勢安南店,19854,雲林縣東勢鄉安南路35號,23.654512,120.231876,24小時營業,提供 (洗手間),提供 (座位區),提供 (Fami!ce 霜淇淋),提供 (Let's Café),提供 (FamiPort),提供 (ATM),提供 (行動電源),無,"洗手間,座位區,Fami!ce霜淇淋,Let's Café,FamiPort,ATM,153縣道,田園中繼",縣道153線安南聚落門市，平原農村長征騎士便利的水廁加水站。,"安南聚落,153縣道,洗手間,霜淇淋",FM-YL-049,"https://www.google.com/maps/search/?api=1&query=23.654512,120.231876"
褒忠鄉,全家褒忠中勝店,17231,雲林縣褒忠鄉中勝路50號,23.693891,120.311876,24小時營業,提供 (洗手間),提供 (座位區),提供 (Fami!ce 霜淇淋),提供 (Let's Café),提供 (FamiPort),提供 (ATM),提供 (行動電源),提供 (Gogoro換電站),"洗手間,座位區,Fami!ce霜淇淋,Let's Café,FamiPort,ATM,Gogoro,158縣道核心",褒忠市街中心，158縣道橫貫雲林平原之核心門市，換電、吃冰、洗手間一應俱全。,"褒忠市區,158縣道,Gogoro換電,洗手間,霜淇淋",FM-YL-050,"https://www.google.com/maps/search/?api=1&query=23.693891,120.311876"
褒忠鄉,全家褒忠馬鳴店,19932,雲林縣褒忠鄉鎮安路15號 (鎮安宮五年千歲公園旁),23.714512,120.310543,24小時營業,提供 (洗手間),提供 (座位區),提供 (Fami!ce 霜淇淋),提供 (Let's Café),提供 (FamiPort),提供 (ATM),提供 (行動電源),無,"洗手間,座位區,Fami!ce霜淇淋,Let's Café,FamiPort,ATM,五年千歲公園旁",馬鳴山鎮安宮與五年千歲奇石公園旁門市，香客與單車旅遊絕佳休憩加水站。,"五年千歲公園旁,鎮安宮商圈,洗手間,霜淇淋",FM-YL-051,"https://www.google.com/maps/search/?api=1&query=23.714512,120.310543"
四湖鄉,全家四湖中山店,17543,雲林縣四湖鄉中山路42號 (參天宮商圈),23.637456,120.225123,24小時營業,提供 (洗手間),提供 (座位區),提供 (Fami!ce 霜淇淋),提供 (Let's Café),提供 (FamiPort),提供 (ATM),提供 (行動電源),提供 (Gogoro換電站),"洗手間,座位區,Fami!ce霜淇淋,Let's Café,FamiPort,ATM,Gogoro,參天宮商圈,160縣道",四湖市區核心門市，參天宮關聖帝君廟旁，往三條崙海岸前必備補給與換電站。,"四湖市區,參天宮旁,Gogoro,160縣道,洗手間",FM-YL-052,"https://www.google.com/maps/search/?api=1&query=23.637456,120.225123"
四湖鄉,全家四湖三條崙店,19981,雲林縣四湖鄉海清路50號 (海清宮包公廟旁),23.651234,120.155891,24小時營業,提供 (洗手間),提供 (海濱座位區),提供 (Fami!ce 霜淇淋),提供 (Let's Café),提供 (FamiPort),提供 (ATM),提供 (行動電源),無,"洗手間,座位區,Fami!ce霜淇淋,Let's Café,FamiPort,ATM,黑森林車道起點,海清宮旁",三條崙海清宮與黑森林自行車道旁，海濱騎士避風、如廁與補充熱量最佳據點。,"包公廟旁,黑森林車道,濱海地標,霜淇淋,洗手間",FM-YL-053,"https://www.google.com/maps/search/?api=1&query=23.651234,120.155891"
元長鄉,全家元長中山店,17321,雲林縣元長鄉中山路65號,23.648512,120.314891,24小時營業,提供 (洗手間),提供 (座位區),提供 (Fami!ce 霜淇淋),提供 (Let's Café),提供 (FamiPort),提供 (ATM),提供 (行動電源),提供 (Gogoro換電站),"洗手間,座位區,Fami!ce霜淇淋,Let's Café,FamiPort,ATM,Gogoro,花生故鄉核心",元長市區中心，台19線與145線交匯商圈，黑金剛花生特產巡禮與車友補水站。,"元長市區,花生之鄉,Gogoro,台19線,洗手間",FM-YL-054,"https://www.google.com/maps/search/?api=1&query=23.648512,120.314891"
元長鄉,全家元長鹿寮店,19812,雲林縣元長鄉鹿寮路18號,23.629123,120.335123,24小時營業,提供 (洗手間),提供 (座位區),提供 (Fami!ce 霜淇淋),提供 (Let's Café),提供 (FamiPort),提供 (ATM),提供 (行動電源),無,"洗手間,座位區,Fami!ce霜淇淋,Let's Café,FamiPort,ATM,145縣道,朝聖路線",縣道145線往北港必經鹿寮聚落，單車南下朝聖與田野騎乘的友善補水門市。,"鹿寮聚落,145縣道,朝聖路線,洗手間",FM-YL-055,"https://www.google.com/maps/search/?api=1&query=23.629123,120.335123"
口湖鄉,全家口湖金湖店,17892,雲林縣口湖鄉港東村港東街50號 (萬善爺廟/箔仔寮旁),23.608123,120.157891,24小時營業,提供 (洗手間),提供 (座位區),提供 (Fami!ce 霜淇淋),提供 (Let's Café),提供 (FamiPort),提供 (ATM),提供 (行動電源),提供 (Gogoro換電站),"洗手間,座位區,Fami!ce霜淇淋,Let's Café,FamiPort,ATM,Gogoro,台17線西濱,萬善爺廟旁",台17線濱海公路與金湖萬善爺廟旁，西濱長征車友最重要的換電、水廁與霜淇淋補給站。,"台17線西濱,金湖聚落,Gogoro換電,霜淇淋,洗手間",FM-YL-056,"https://www.google.com/maps/search/?api=1&query=23.608123,120.157891"
口湖鄉,全家口湖椬梧店,19954,雲林縣口湖鄉文光路15號 (椬梧滯洪池/口湖遊客中心旁),23.567891,120.169123,24小時營業,提供 (洗手間/無障礙),提供 (景觀休憩區),提供 (Fami!ce 霜淇淋),提供 (Let's Café 單品咖啡),提供 (FamiPort),提供 (ATM),提供 (行動電源租借),無,"洗手間,景觀座位,Fami!ce霜淇淋,Let's Café,FamiPort,ATM,椬梧滯洪池旁,MOOVO站",雲林版小日月潭「椬梧滯洪池」門戶，環湖自行車道出發前買咖啡、補水與如廁首選。,"椬梧滯洪池,小日月潭,景觀座位,霜淇淋,MOOVO站旁",FM-YL-057,"https://www.google.com/maps/search/?api=1&query=23.567891,120.169123"
水林鄉,全家水林水林店,17432,雲林縣水林鄉水林路15號 (水林公所/顏思齊故事館旁),23.571891,120.246123,24小時營業,提供 (洗手間),提供 (座位區),提供 (Fami!ce 霜淇淋),提供 (Let's Café 單品咖啡),提供 (FamiPort),提供 (ATM),提供 (行動電源租借),提供 (Gogoro換電站),"洗手間,座位區,Fami!ce霜淇淋,Let's Café,FamiPort,ATM,Gogoro,顏思齊故事館旁,MOOVO站",開台第一鄉政務核心，鄰近公所與顏思齊故事館，具備 Gogoro 換電、霜淇淋與水廁。,"開台第一鄉,水林公所旁,Gogoro,MOOVO站,霜淇淋",FM-YL-058,"https://www.google.com/maps/search/?api=1&query=23.571891,120.246123"
水林鄉,全家水林蕃薯店,19991,雲林縣水林鄉蕃薯厝85號 (蕃薯寮媽順天宮旁),23.551891,120.261876,24小時營業,提供 (洗手間),提供 (座位區),提供 (Fami!ce 霜淇淋),提供 (Let's Café),提供 (FamiPort),提供 (ATM),提供 (行動電源),無,"洗手間,座位區,Fami!ce霜淇淋,Let's Café,FamiPort,ATM,蕃薯寮媽旁,黃金番薯之鄉",水林蕃薯寮媽大廟旁門市，探訪黃金番薯產區與在地宗教文化的溫馨補給站點。,"蕃薯寮媽旁,黃金番薯,農村大廟,洗手間,霜淇淋",FM-YL-059,"https://www.google.com/maps/search/?api=1&query=23.551891,120.261876"
斗六市,全家斗六後站店,013589,雲林縣斗六市武昌路105號 (斗六火車站後站出口),23.711832,120.544712,24小時營業,提供 (顧客洗手間),提供 (座位區),提供 (Fami!ce 霜淇淋),提供 (Let's Café),提供 (FamiPort),提供 (ATM),提供 (行動電源租借),提供 (Gogoro換電站),"洗手間,座位區,Fami!ce霜淇淋,Let's Café,FamiPort,ATM,Gogoro,後站出口,MOOVO站旁",斗六火車站後站出口直達，銜接後站MOOVO站點與武昌路商圈，轉乘補給超便利。,"火車站後站,MOOVO旁,Gogoro,霜淇淋,洗手間",FM-YL-060,"https://www.google.com/maps/search/?api=1&query=23.711832,120.544712"
斗六市,全家斗六莊敬店,014890,雲林縣斗六市莊敬路320號 (成大斗六分院周邊),23.707812,120.551234,24小時營業,提供 (洗手間),提供 (座位區),提供 (Fami!ce 霜淇淋),提供 (Let's Café),提供 (FamiPort),提供 (ATM),提供 (行動電源),無,"洗手間,座位區,Fami!ce霜淇淋,Let's Café,FamiPort,ATM,成大醫院旁,繪本館周邊",鄰近成大醫院斗六分院與繪本館，提供就醫、探病及文教動線的溫馨水廁站。,"成大分院旁,繪本館周邊,洗手間,霜淇淋",FM-YL-061,"https://www.google.com/maps/search/?api=1&query=23.707812,120.551234"
斗六市,全家斗六文化店,015234,雲林縣斗六市文化路200號 (斗六高中正對面),23.714123,120.545678,24小時營業,提供 (洗手間),提供 (大座位區),提供 (Fami!ce 霜淇淋),提供 (Let's Café),提供 (FamiPort),提供 (ATM),提供 (行動電源租借),無,"洗手間,大座位區,Fami!ce霜淇淋,Let's Café,FamiPort,ATM,斗六高中對面,學生通學",斗六高中正對面，學生通學與單車漫遊市區的核心熱門加水與歇腳門市。,"斗六高中對面,大座位區,學生熱點,洗手間",FM-YL-062,"https://www.google.com/maps/search/?api=1&query=23.714123,120.545678"
斗六市,全家斗六成功店,016120,雲林縣斗六市成功路70號 (斗六家商旁),23.703123,120.548543,24小時營業,提供 (洗手間),提供 (座位區),提供 (Fami!ce 霜淇淋),提供 (Let's Café),提供 (FamiPort),提供 (ATM),提供 (行動電源),無,"洗手間,座位區,Fami!ce霜淇淋,Let's Café,FamiPort,ATM,斗六家商旁,南聖宮動線",斗六家商旁生活商圈，往南聖宮動線上重要的水廁與咖啡補給處。,"斗六家商旁,成功路商圈,洗手間,霜淇淋",FM-YL-063,"https://www.google.com/maps/search/?api=1&query=23.703123,120.548543"
虎尾鎮,全家虎尾立仁店,014902,雲林縣虎尾鎮立仁路130號,23.705123,120.441234,24小時營業,提供 (洗手間),提供 (座位區),提供 (Fami!ce 霜淇淋),提供 (Let's Café),提供 (FamiPort),提供 (ATM),提供 (行動電源),無,"洗手間,座位區,Fami!ce霜淇淋,Let's Café,FamiPort,ATM,立仁國小旁,住宅商圈",虎尾東側住宅核心，鄰近立仁國小與虎尾圖書館，環境整潔水廁便利。,"立仁商圈,圖書館周邊,洗手間,霜淇淋",FM-YL-064,"https://www.google.com/maps/search/?api=1&query=23.705123,120.441234"
虎尾鎮,全家虎尾大屯店,017612,雲林縣虎尾鎮大屯路50號 (158縣道旁),23.689812,120.414512,24小時營業,提供 (洗手間),提供 (座位區),提供 (Fami!ce 霜淇淋),提供 (Let's Café),提供 (FamiPort),提供 (ATM),提供 (行動電源),提供 (Gogoro換電站),"洗手間,座位區,Fami!ce霜淇淋,Let's Café,FamiPort,ATM,Gogoro,158縣道,大屯聚落",158縣道橫貫大屯聚落重要門市，前往褒忠、土庫的田園公路補給大站。,"158縣道,大屯聚落,Gogoro,洗手間,霜淇淋",FM-YL-065,"https://www.google.com/maps/search/?api=1&query=23.689812,120.414512"
麥寮鄉,全家麥寮泰安店,018445,雲林縣麥寮鄉泰安路88號,23.751234,120.258912,24小時營業,提供 (洗手間),提供 (座位區),提供 (Fami!ce 霜淇淋),提供 (Let's Café),提供 (FamiPort),提供 (ATM),提供 (行動電源),提供 (Gogoro換電站),"洗手間,座位區,Fami!ce霜淇淋,Let's Café,FamiPort,ATM,Gogoro,麥寮外環",麥寮市區東側聯外幹道門市，設有換電站與寬敞內用區，水廁維護優良。,"麥寮外環,Gogoro換電,洗手間,霜淇淋",FM-YL-066,"https://www.google.com/maps/search/?api=1&query=23.751234,120.258912"
麥寮鄉,全家麥寮後安店,019512,雲林縣麥寮鄉後安路60號 (後安聚落旁),23.762145,120.228765,24小時營業,提供 (洗手間),提供 (座位區),提供 (Fami!ce 霜淇淋),提供 (Let's Café),提供 (FamiPort),提供 (ATM),提供 (行動電源),無,"洗手間,座位區,Fami!ce霜淇淋,Let's Café,FamiPort,ATM,後安聚落,工業區周邊",麥寮西側後安聚落重要補給點，深入工業區與沿海漁塭走廊的救急水廁門市。,"後安聚落,沿海中繼,洗手間,霜淇淋",FM-YL-067,"https://www.google.com/maps/search/?api=1&query=23.762145,120.228765"
西螺鎮,全家西螺新街店,015489,雲林縣西螺鎮新街路80號 (廣福宮老大媽旁),23.799123,120.464512,24小時營業,提供 (洗手間),提供 (座位區),提供 (Fami!ce 霜淇淋),提供 (Let's Café),提供 (FamiPort),提供 (ATM),提供 (行動電源),無,"洗手間,座位區,Fami!ce霜淇淋,Let's Café,FamiPort,ATM,廣福宮旁,新街商圈",西螺三大古廟廣福宮老大媽旁門市，老街東側巡禮最佳加水歇腳處。,"廣福宮旁,新街商圈,老街巡禮,洗手間",FM-YL-068,"https://www.google.com/maps/search/?api=1&query=23.799123,120.464512"
西螺鎮,全家西螺吳厝店,018115,雲林縣西螺鎮吳厝里吳厝55號 (朝興宮旁),23.754512,120.436781,24小時營業,提供 (洗手間),提供 (座位區),提供 (Fami!ce 霜淇淋),提供 (Let's Café),提供 (FamiPort),提供 (ATM),提供 (行動電源),提供 (Gogoro換電站),"洗手間,座位區,Fami!ce霜淇淋,Let's Café,FamiPort,ATM,Gogoro,朝興宮旁,高鐵特定區交界",吳厝朝興宮旁，西螺往虎尾高鐵特區重要中繼門市，提供換電與水廁支援。,"吳厝朝興宮,高鐵聯絡道,Gogoro,洗手間",FM-YL-069,"https://www.google.com/maps/search/?api=1&query=23.754512,120.436781"
斗南鎮,全家斗南四維店,017894,雲林縣斗南鎮四維路150號,23.666123,120.473412,24小時營業,提供 (洗手間),提供 (座位區),提供 (Fami!ce 霜淇淋),提供 (Let's Café),提供 (FamiPort),提供 (ATM),提供 (行動電源),無,"洗手間,座位區,Fami!ce霜淇淋,Let's Café,FamiPort,ATM,斗南西側,往大埤幹道",斗南西側往大埤鄉幹道門市，單車鄉村騎行舒適便利的水廁補給站。,"往大埤幹道,斗南西側,洗手間,霜淇淋",FM-YL-070,"https://www.google.com/maps/search/?api=1&query=23.666123,120.473412"
北港鎮,全家北港大同店,018512,雲林縣北港鎮大同路180號,23.573891,120.302145,24小時營業,提供 (洗手間),提供 (座位區),提供 (Fami!ce 霜淇淋),提供 (Let's Café),提供 (FamiPort),提供 (ATM),提供 (行動電源),提供 (Gogoro換電站),"洗手間,座位區,Fami!ce霜淇淋,Let's Café,FamiPort,ATM,Gogoro,北港市區核心",北港市區大同路生活商圈，設有換電站與寬敞內用座位，補水吹冷氣首選。,"大同商圈,Gogoro換電,市區核心,洗手間",FM-YL-071,"https://www.google.com/maps/search/?api=1&query=23.573891,120.302145"
