id,district,stay_name,stay_type,address,phone,check_in_out,coordinates,tags,description
1,斗六市,三好國際酒店,星級飯店,640雲林縣斗六市斗六五路35號,05-5510999,入住 15:00 / 退房 11:00,"23.722105, 120.551890","國際觀光飯店, 露天泳池, 景觀餐廳, 宴會廳",雲林指標性國際級飯店，緊鄰棒球場與體育園區，附設露天泳池、蒸氣三溫暖與高樓景觀餐廳。
2,斗六市,致麗伯爵酒店,商務飯店,640雲林縣斗六市中山路6號,05-5341666,入住 15:00 / 退房 12:00,"23.712150, 120.543820","斗六火車站前, 圓環商圈, 空中露天酒吧",位處斗六市核心圓環商圈，步行3分鐘即達斗六車站，頂樓設有景觀露天休閒酒吧。
3,斗六市,福爾摩沙大飯店,商務旅館,640雲林縣斗六市中山路212號,05-5340055,入住 15:00 / 退房 11:00,"23.708450, 120.540120","交通便利, 太平老街商圈, 乾淨舒適",鄰近斗六火車站與太平老街，交通便捷、生活機能完善，提供舒適溫馨的商旅體驗。
4,斗六市,觀月商務休閒旅館,汽車旅館/Villa,640雲林縣斗六市雲林路二段196號,05-5343333,入住 18:00 / 退房 12:00,"23.701120, 120.531250","主題套房, 獨立車庫, 奈米牛奶浴, KTV房",打造多款異國風情主題套房，配備私人大空間車庫、大型按摩浴缸與娛樂影音設備。
5,虎尾鎮,虎尾春秋 文創潮旅,文創設計旅店,632雲林縣虎尾鎮信義路69號,05-6360618,入住 15:00 / 退房 11:00,"23.708612, 120.435890","布袋戲主題, 文創設計, 復古金屬風, 沐日酒吧",全台首座以布袋戲為主題的文創設計旅店，融合生旦淨末丑角色美學與工業復古設計。
6,虎尾鎮,登豐米蘭商務旅店,商務旅館,632雲林縣虎尾鎮文化路10號,05-6323000,入住 15:00 / 退房 11:00,"23.704250, 120.433120","虎尾科技大學旁, 糖廠商圈, 自行車友善",緊鄰虎尾科技大學與虎尾鐵橋，漫步即可抵達同心公園與虎尾糖廠，地理位置極佳。
7,虎尾鎮,風華渡假旅館,渡假旅館/Villa,632雲林縣虎尾鎮平和路20-15號,05-6366666,入住 18:00 / 退房 12:00,"23.714520, 120.448910","東方禪風, 戶外景觀庭園, 頂級SPA水療",極簡東方禪風美學建築，結合竹林綠意造景、冷熱雙池SPA與尊榮私人庭園。
8,北港鎮,朝聖酒店 (Saint Art Hotel),星級飯店,651雲林縣北港鎮中山路146號3-4樓,05-7822999,入住 15:00 / 退房 11:00,"23.568450, 120.303950","朝天宮前, 歐洲巴洛克奢華風, 在地文化",座落北港朝天宮正前方，融合巴洛克奢華與現代美學，朝聖參香與文化巡禮首選旗艦飯店。
9,北港鎮,笨港客棧,商務旅館,651雲林縣北港鎮民主路83號,05-7832457,入住 15:00 / 退房 11:00,"23.568120, 120.302850","老街周邊, 乾淨平價, 香客推崇",位於北港市區核心老街旁，價格親民、環境明亮整潔，是深度探訪笨港老鎮的便捷落腳點。
10,古坑鄉,劍湖山渡假大飯店,休閒渡假飯店,646雲林縣古坑鄉永光村大湖口67之8號,05-5825700,入住 15:00 / 退房 11:00,"23.618950, 120.578120","五星級渡假, 主題樂園, 親子家庭, 中庭花園",雲林五星級渡假勝地，緊鄰劍湖山世界主題樂園，設有大型兒童遊戲區、多元主題親子客房與國際餐飲。
11,古坑鄉,華山觀止 虫二行館,頂級設計民宿/會館,646雲林縣古坑鄉華山村松林路54-5號,05-5900000,入住 15:00 / 退房 11:00,"23.589810, 120.598450","清水模建築, 華山夜景, 精緻法餐, 咖啡莊園",清水模與玻璃交織的現代美學建築，遠眺雲嘉南百萬夜景，提供無菜單料理與頂級山居體驗。
12,古坑鄉,桂林映象會館,特色景觀民宿/會館,646雲林縣古坑鄉桂林村景水1之6號,05-5901280,入住 15:00 / 退房 11:00,"23.593120, 120.589140","泰國風情, 庭園景觀, 森林步道, 景觀咖啡",充滿濃郁泰式南洋風情的度假莊園，雕刻佛像、水上涼亭與落羽松步道環繞，彷彿置身泰國渡假村。
13,古坑鄉,微風山林 (仙地咖啡景觀民宿),景觀民宿,646雲林縣古坑鄉桃源路1-38號,05-5901989,入住 15:00 / 退房 11:00,"23.585420, 120.601250","華山最高點, 百萬夜景, 古坑咖啡, 觀星賞月",座落華山制高點，擁有絕佳視野眺望七縣市璀璨夜景，享受天然山林芬多精與醇厚在地咖啡。
14,古坑鄉,草嶺spa渡假山莊,森林渡假山莊,646雲林縣古坑鄉草嶺村54-8號,05-5831121,入住 15:00 / 退房 11:00,"23.601250, 120.718910","草嶺地質公園, 萬年峽谷, 森林SPA, 芬多精",深藏於草嶺天然地質美景中，提供水療SPA設施與山產風味料理，親近大自然的避暑勝地。
15,古坑鄉,耐斯蘿莎玫瑰莊園周邊休閒民宿群,特色民宿,646雲林縣古坑鄉永光村大湖口53-1號周邊,05-5825888,入住 15:00 / 退房 11:00,"23.621450, 120.575610","香草花園, 歐風花海, 親子漫遊",鄰近萬坪蘿莎玫瑰莊園與綠色隧道，周邊花團錦簇，適合情侶漫步與家庭放鬆度假。
16,西螺鎮,西螺米都大飯店,商務旅館,648雲林縣西螺鎮振興里振興137號,05-5867007,入住 15:00 / 退房 11:00,"23.788450, 120.457810","西螺大橋旁, 延平老街, 自行車補給",臨近西螺大橋與延平老街，環境清幽雅緻，提供環島旅客與商務客溫暖便利的休憩環境。
17,口湖鄉,成龍溼地 椬梧故事鐵花窗景觀民宿,特色生態民宿,653雲林縣口湖鄉成龍村成龍135號,0912-345678,入住 15:00 / 退房 11:00,"23.548910, 120.171250","成龍溼地, 椬梧滯洪池, 夕陽賞鳥, 生態導覽",緊鄰成龍溼地與椬梧滯洪池（小日月潭），融入在地烏魚子與鐵花窗工藝，感受沿海漁村靜謐時光。
18,口湖鄉,金湖休閒農業區特色漁村行館,漁村體驗民宿,653雲林縣口湖鄉崇文路二段402巷88號,05-7895475,入住 15:00 / 退房 11:00,"23.571450, 120.165890","漁村廚房, 摸蛤體驗, 鰻魚風味餐, 休閒農業",坐落於金湖休閒農業區，結合捕魚、摸蛤、曬烏魚子等沿海體驗活動與道地海味餐席。
19,水林鄉,水林憨吉客棧 (顏思齊開台文化民宿),文史鄉村農莊,652雲林縣水林鄉水南村文化路12號,05-7850001,入住 15:00 / 退房 11:00,"23.570890, 120.243510","開台第一庄, 七角井古蹟, 地瓜農遊",位於「開台第一庄」水林鄉，體驗田園地瓜農事、七角井古蹟巡禮與濃郁台灣鄉土風情。
20,麥寮鄉,麥寮風華休閒汽車旅館,汽車旅館/商務旅館,638雲林縣麥寮鄉後安村後安路220號,05-6917777,入住 18:00 / 退房 12:00,"23.751200, 120.248910","海線商務, 舒適大空間, 私人車庫",麥寮與六輕工業區周邊頂級休憩住宿，房型寬敞現代化，提供出差商務與沿海旅遊舒適體驗。
