id,category,sub_category,name,district,address,lat,lng,google_coordinates,phone,business_hours,description,tags,google_map_url,notes,google_matched_name
SPOT-YL-001,觀光景點,老街商圈,太平老街,斗六市,640雲林縣斗六市太平路,23.7085092,120.5418364,"23.7085092, 120.5418364",無,全天開放,全長約600公尺，保留日治時期紅磚巴洛克式立面建築，古色古香且美食雲集。,"巴洛克建築, 百年老街, 在地小吃, 歷史街屋","https://www.google.com/maps/search/?api=1&query=23.7085092,120.5418364",街道各老店多於傍晚前打烊，建議白天造訪。,太平老街
SPOT-YL-002,觀光景點,文創園區,雲中街生活聚落,斗六市,640雲林縣斗六市雲林路一段75巷,23.7087884,120.5397954,"23.7087884, 120.5397954",05-5336521,10:30–19:00 (週一休),日治警察宿舍群改建，黑瓦木造建築結合手作文創與庭園咖啡。,"日式警察宿舍, 文創手作, 庭園咖啡, 老樹綠蔭","https://www.google.com/maps/search/?api=1&query=23.7087884,120.5397954",每週一休館；園區綠蔭多，夏季請備防蚊用品。,雲中街文創聚落
SPOT-YL-003,觀光景點,親子主題園區,鵝媽媽 鵝童樂園,斗六市,640雲林縣斗六市嘉新路222號,23.6808545,120.5523373,"23.6808545, 120.5523373",05-5351789,09:00–17:30,以鵝為主題的親子樂園，設有大草坪、旋轉天鵝、沙坑與生態餵食區。,"親子同樂, 旋轉天鵝, 大草坪, 生態餵食","https://www.google.com/maps/search/?api=1&query=23.6808545,120.5523373",戶外旋轉天鵝設施需另購代幣；假日常有市集與表演。,鵝媽媽 鵝童樂園
SPOT-YL-004,觀光景點,文化古蹟,行啟記念館,斗六市,640雲林縣斗六市府前街101號,23.70612,120.54385,"23.70612, 120.54385",05-5334421,週三至週日 09:00–17:00 (週一二休),紀念裕仁皇太子訪台歷史建築，紅磚清水立面典雅，現為藝文策展基地。,"日治古蹟, 紅磚折衷洋風, 藝文策展, 公民會館","https://www.google.com/maps/search/?api=1&query=23.70612,120.54385",週一、週二固定休館；後方草坪常辦假日市集。,行啟記念館
SPOT-YL-005,觀光景點,親水公園,斗六藝術水岸園區,斗六市,640雲林縣斗六市社口街,23.7008693,120.546915,"23.7008693, 120.546915",無,全天開放,緊鄰雲林溪大型親水共融公園，具攀爬網、沙坑與水岸漫步綠地。,"共融遊戲場, 水岸步道, 大草皮, 親子野餐","https://www.google.com/maps/search/?api=1&query=23.7008693,120.546915",設有夜間照明與共融式大型遊具，適合傍晚散步野餐。,640雲林縣斗六市社口街
SPOT-YL-006,觀光景點,觀光工廠,雅聞峇里海岸觀光工廠,斗六市,640雲林縣斗六市中興路333號,23.730272,120.5693216,"23.730272, 120.5693216",05-5511585,08:30–17:00,南洋峇里島風情觀光園區，擁有大型人造白沙灘與茅草涼亭造景。,"峇里島風情, 人造人氣沙灘, 茅草涼亭, 美妝香氛","https://www.google.com/maps/search/?api=1&query=23.730272,120.5693216",免費參觀與停車；沙灘區提供孩童玩沙，建議帶換洗衣物。,640雲林縣斗六市榴北里中興路333號
SPOT-YL-007,觀光景點,觀光工廠,大同醬油黑金釀造館,斗六市,640雲林縣斗六市斗工二路39號,23.7198709,120.5989309,"23.7198709, 120.5989309",05-5573636,08:30–17:30,百年醬油觀光工廠，展示黑豆釀造歷史、壯觀日曝甕缸陣與地標醬油瓶。,"黑金醬油, 巨大醬油瓶, 甕缸日曝, 醬油DIY","https://www.google.com/maps/search/?api=1&query=23.7198709,120.5989309",設有定時導覽與蔭油手工DIY體驗（需提前預約）。,640雲林縣斗六市榴南里斗工二路39號
SPOT-YL-008,觀光景點,產業遺產,虎尾糖廠 ＆ 虎尾鐵橋,虎尾鎮,632雲林縣虎尾鎮中山路2號,23.703487,120.4387549,"23.703487, 120.4387549",05-6321540,全天開放,全台僅存運蔗糖廠，搭配跨越虎尾溪的百年英式鋼桁梁鐵橋。,"百年糖都, 季節限定五分車, 英式鋼桁梁鐵橋","https://www.google.com/maps/search/?api=1&query=23.703487,120.4387549",每年12月至翌年3月製糖季可見五分車；鐵橋僅限步行自行車。,虎尾糖廠
SPOT-YL-009,觀光景點,文化館舍,雲林布袋戲館,虎尾鎮,632雲林縣虎尾鎮林森路一段498號,23.7032498,120.3918595,"23.7032498, 120.3918595",05-6313080,10:00–18:00 (週一二休),日治虎尾郡役所改建，展示國寶大師戲偶與掌中戲百年流派演進。,"掌中戲原鄉, 日治郡役所, 歷史水牢, 偶戲國寶","https://www.google.com/maps/search/?api=1&query=23.7032498,120.3918595",每週一、週二休館；館內保留完整日治紅磚拘留所與水牢。,632雲林縣虎尾鎮公安里林森路一段498號
SPOT-YL-010,觀光景點,歷史建築,雲林故事館,虎尾鎮,632雲林縣虎尾鎮林森路一段528號,23.7091333,120.4328398,"23.7091333, 120.4328398",05-6311436,10:00–17:00 (週一二休),日治虎尾郡守官邸，保存完善的日式木造官舍，推廣民間故事與繪本。,"日式木造官邸, 榻榻米書房, 在地說故事","https://www.google.com/maps/search/?api=1&query=23.7091333,120.4328398",入內需脫鞋著襪；週末定期舉辦繪本導讀與耆老說故事。,632雲林縣虎尾鎮德興里林森路一段528號
SPOT-YL-011,觀光景點,歷史建築,虎尾合同廳舍 (誠品/星巴克),虎尾鎮,632雲林縣虎尾鎮林森路一段491號,23.709202,120.4338779,"23.709202, 120.4338779",05-6338356,07:00–21:30,昭和時期消防與警察聯合廳舍，現由誠品書店與星巴克進駐活化。,"日治消防瞭望台, 警察廳舍, 誠品書店, 星巴克老屋","https://www.google.com/maps/search/?api=1&query=23.709202,120.4338779",保留日治消防滑竿、洗石子圓柱與高聳消防瞭望閣樓。,632雲林縣虎尾鎮中山里林森路一段491號
SPOT-YL-012,觀光景點,歷史建築,雲林記憶COOL (虎尾出張所),虎尾鎮,632雲林縣虎尾鎮林森路一段501號,23.7087085,120.4327643,"23.7087085, 120.4327643",05-6327282,09:00–18:00 (週一休),日治台南地方法院虎尾出張所，保留巨大地籍公文鐵件木櫃。,"虎尾登記所, 儲藏櫃歷史, 虎尾糖冰品","https://www.google.com/maps/search/?api=1&query=23.7087085,120.4327643",每週一休館；提供虎尾糖特色刨冰、微冊閱讀與古蹟導覽。,雲林記憶Cool
SPOT-YL-013,觀光景點,歷史聚落,虎尾建國眷村 (一村/二村),虎尾鎮,632雲林縣虎尾鎮建國一村55號,23.7142012,120.4220538,"23.7142012, 120.4220538",05-6339660,全天開放,全台最大農村型眷村，保存日軍防空洞與戰備水塔，為青年創生基地。,"農村型眷村, 日軍防空碉堡, 戰備水塔, 眷村市集","https://www.google.com/maps/search/?api=1&query=23.7142012,120.4220538",園區腹地廣大，防空壕周邊請注意安全；週末市集熱鬧。,建國一村
SPOT-YL-014,觀光景點,景觀園區,澄霖沉香味道森林館,虎尾鎮,632雲林縣虎尾鎮惠來75-6號,23.72985,120.46891,"23.72985, 120.46891",05-6225757,08:00–17:30,日式景觀庭園，園內規劃枯山水、愛心景觀池與水上落羽松森林。,"台版兼六園, 愛心水上落羽松, 日式枯山水","https://www.google.com/maps/search/?api=1&query=23.72985,120.46891",秋冬落羽松變色季最美；設有大型停車場與景觀步道。,澄霖沉香味道森林館
SPOT-YL-015,觀光景點,觀光工廠,興隆毛巾觀光工廠,虎尾鎮,632雲林縣虎尾鎮福興路84-1號,23.724982,120.4431645,"23.724982, 120.4431645",05-6321994,08:00–18:00,全台首創蛋糕毛巾工廠，結合傳統織造與文創包裝，展示古董紡織機。,"蛋糕毛巾創始, 傳統紡織傳承, 毛巾DIY","https://www.google.com/maps/search/?api=1&query=23.724982,120.4431645",手作造型毛巾DIY需現場或預約；提供免費導覽。,興隆毛巾觀光工廠
SPOT-YL-016,觀光景點,歷史古蹟,虎尾涌翠閣,虎尾鎮,632雲林縣虎尾鎮水源路27號,23.7129202,120.4339448,"23.7129202, 120.4339448",05-6333921,依官方公告開放,日治時期虎尾郡接待賓客之高級招待所，保留優雅書院造格局。,"日式招待所, 書院造建築, 文化沙龍","https://www.google.com/maps/search/?api=1&query=23.7129202,120.4339448",日式木構書院造古蹟，入室需脫鞋；配合文資維護規定。,涌翠閣
SPOT-YL-017,觀光景點,歷史建築,西螺大橋 ＆ 蝴蝶公園,西螺鎮,648雲林縣西螺鎮建興路底,23.8059714,120.460728,"23.8059714, 120.460728",無,全天開放,曾為遠東第一長橋，跨越濁水溪，紅色鋼桁架倒映夕陽形成絕美夕照。,"遠東第一長橋, 虹橋夕照, 濁水溪名標, 親子藝術","https://www.google.com/maps/search/?api=1&query=23.8059714,120.460728",黃昏時分「虹橋夕照」最佳；橋下公園設有裝置藝術與滑草坡。,西螺蝴蝶公園(蝴蝶地景)
SPOT-YL-018,觀光景點,歷史老街,西螺延平老街 ＆ 東市場,西螺鎮,648雲林縣西螺鎮延平路,23.8021306,120.4632806,"23.8021306, 120.4632806",05-5861444,全天開放,早期水陸貨運要道，具昭和時期雕花立面；東市場引進手作文創茶席。,"洗石子街屋立面, 東市場木構文創, 在地老醬油","https://www.google.com/maps/search/?api=1&query=23.8021306,120.4632806",東市場內部文創與老街小吃週二、週三部分店家公休。,西螺東市場
SPOT-YL-019,觀光景點,觀光工廠,丸莊醬油觀光工廠,西螺鎮,648雲林縣西螺鎮延平路188號,23.8024272,120.4637897,"23.8024272, 120.4637897",05-5863666,08:00–20:00,延平老街百年老字號，開放參觀古老製麴室、曬甕場與蔭油DIY。,"百年黑豆純釀, 傳統曬缸場, 蔭油DIY","https://www.google.com/maps/search/?api=1&query=23.8024272,120.4637897",壺底蔭油手工DIY每日定時開課，建議提前預約。,丸莊醬油觀光工廠
SPOT-YL-020,觀光景點,宗教文化,西螺福興宮 (太平媽),西螺鎮,648雲林縣西螺鎮延平路180號,23.8016276,120.4605212,"23.8016276, 120.4605212",05-5865490,05:00–22:00,康熙年間建廟，為西螺重要信仰中心，正殿木雕石雕工藝精湛。,"西螺媽祖太平媽, 濁水溪信仰, 百年古廟","https://www.google.com/maps/search/?api=1&query=23.8016276,120.4605212",每年農曆十月舉辦「螺陽迎媽祖」；香客大樓設有鐵馬補給站。,西螺福興宮 西螺媽祖太平媽｜媽祖文化祭
SPOT-YL-021,觀光景點,國定古蹟,北港朝天宮,北港鎮,651雲林縣北港鎮中山路178號,23.5681177,120.3046998,"23.5681177, 120.3046998",05-7832055,04:30–00:00,全台媽祖信仰重鎮與國定古蹟，融合陳應彬木雕等國寶大師巔峰工藝。,"國定古蹟, 媽祖信仰中心, 工藝殿堂, 迎媽祖犁炮","https://www.google.com/maps/search/?api=1&query=23.5681177,120.3046998",農曆三月香期熱鬧（藝閣、犁炮），市區車多建議搭接駁車。,北港朝天宮
SPOT-YL-022,觀光景點,宗教文化,北港武德宮 (五路財神祖廟),北港鎮,651雲林縣北港鎮華勝路330號,23.5810284,120.2991433,"23.5810284, 120.2991433",05-7821445,06:00–22:00,全台五路武財神祖廟，擁有全球最大天庫金爐與氣勢恢宏的道教殿宇。,"全台五路財神祖廟, 通天金爐, 潮牌文創, 樂咖啡","https://www.google.com/maps/search/?api=1&query=23.5810284,120.2991433",附設「樂咖啡」結合法式甜點；春節與補財庫日信眾極多。,北港武德宮
SPOT-YL-023,觀光景點,地標景觀,北港觀光大橋,北港鎮,651雲林縣北港鎮大同路底,23.5621377,120.3035911,"23.5621377, 120.3035911",無,全天開放,橫跨北港溪連接雲林與嘉義之紅色三跨巨龍景觀橋，宏偉醒目。,"三跨巨龍拱橋, 跨越北港溪, 連接新港北港","https://www.google.com/maps/search/?api=1&query=23.5621377,120.3035911",僅供行人與自行車通行；夜晚光雕橋身倒映水面極為壯麗。,北港觀光大橋
SPOT-YL-024,觀光景點,產業古蹟,北港水道頭文化園區,北港鎮,651雲林縣北港鎮民生路1號,23.5644057,120.3055728,"23.5644057, 120.3055728",05-7832100,全天開放,昭和年間淨水廠，保留全台少見十角型水塔與唧筒室，改建親水公園。,"日治十角水塔, 歷史唧筒室, 水岸綠地","https://www.google.com/maps/search/?api=1&query=23.5644057,120.3055728",池塘夏季荷花盛開；每年北港燈會常在此設水上燈區。,651雲林縣北港鎮東陽里民生路1號
SPOT-YL-025,觀光景點,縣定古蹟,北港義民廟,北港鎮,651雲林縣北港鎮旌義街20號,23.5677133,120.3028763,"23.5677133, 120.3028763",05-7834521,07:00–18:00,紀念清代保衛笨港殉難之義民與義犬，為少見之閩籍義民廟文化遺產。,"林爽文事件, 義犬將軍, 縣定古蹟, 保鄉忠烈","https://www.google.com/maps/search/?api=1&query=23.5677133,120.3028763",廟內供奉忠烈義民與靈驗義犬大將軍，見證清代保鄉歷史。,北港義民廟
SPOT-YL-026,觀光景點,休閒步道,古坑綠色隧道,古坑鄉,646雲林縣古坑鄉湳子路,23.659291,120.5409846,"23.659291, 120.5409846",05-5823200,全天開放,兩公里老芒果樹綠蔭大道，與糖鐵並行，假日聚集農特產市集。,"芒果樹林蔭大道, 舊糖鐵軌道, 假日小農市集","https://www.google.com/maps/search/?api=1&query=23.659291,120.5409846",綠隧全長約2公里；週末市集熱鬧，適合家庭與單車騎乘。,古坑綠色隧道公園
SPOT-YL-027,觀光景點,休閒生態,蜜蜂故事館,古坑鄉,646雲林縣古坑鄉湳子路88號,23.658601,120.540373,"23.658601, 120.540373",05-5828255,09:00–17:30,養蜂主題教育園區，館頂有巨大蜜蜂地標，提供蜜蜂生態知識與大草坪。,"巨大蜜蜂模型, 純天然蜂蜜, 養蜂生態箱","https://www.google.com/maps/search/?api=1&query=23.658601,120.540373",位於綠隧入口旁；提供天然蜂蜜水試喝與蜂產手作體驗。,蜜蜂故事館 Honey Museum
SPOT-YL-028,觀光景點,主題樂園,劍湖山世界主題樂園,古坑鄉,646雲林縣古坑鄉大湖口67號,23.61785,120.57945,"23.61785, 120.57945",05-5825789,09:00–17:00,台灣指標性大型遊樂園，設有地標88米摩天輪、高空落體飛梭與親子設施。,"88米摩天輪, G5飛天潛艇, 擎天飛梭, 水陸樂園","https://www.google.com/maps/search/?api=1&query=23.61785,120.57945",夏季加開水樂園；部分刺激設施有身高限制，可先查時間表。,劍湖山世界主題樂園
SPOT-YL-029,觀光景點,休閒農業,華山休閒農業區 (咖啡大街),古坑鄉,646雲林縣古坑鄉華山村,23.5937774,120.5989246,"23.5937774, 120.5989246",05-5900488,各景觀咖啡廳營業至深夜,台灣本土咖啡重鎮，群山遍布景觀咖啡廳，可俯瞰雲嘉南璀璨夜景。,"台灣咖啡原鄉, 雲嘉南百萬夜景, 景觀咖啡館","https://www.google.com/maps/search/?api=1&query=23.5937774,120.5989246",山區夜間行車請注意彎道；秋冬傍晚可觀雲海與七縣市夜景。,咖啡大街 | 華山休閒農業區
SPOT-YL-030,觀光景點,自然生態,古坑荷苞山桐花公園,古坑鄉,646雲林縣古坑鄉荷苞村荷苞66-1號,23.6639834,120.5868069,"23.6639834, 120.5868069",05-5826320,全天開放,全台最早開花桐花景點，園區遍植日治原生咖啡樹與油桐樹。,"四月雪桐花祭, 原生種咖啡樹, 登山步道","https://www.google.com/maps/search/?api=1&query=23.6639834,120.5868069",每年4至5月為桐花祭；林蔭步道茂密，為健行賞花去處。,荷苞山桐花公園
SPOT-YL-031,觀光景點,自然地質,草嶺地質公園 (萬年峽谷),古坑鄉,646雲林縣古坑鄉草嶺村152號周邊,23.5849905,120.694597,"23.5849905, 120.694597",05-5831456,全天開放,清水溪切割岩層形成的鬼斧神工峽谷，岩壁呈現千層岩紋與壺穴。,"清水溪地質奇觀, 千層岩層節理, 壺穴峽谷","https://www.google.com/maps/search/?api=1&query=23.5849905,120.694597",設有安全步道觀景台，嚴禁跨越欄杆下水；雨天注意落石。,草嶺地質公園
SPOT-YL-032,觀光景點,森林秘境,草嶺五元二角 ＆ 杉林步道,古坑鄉,646雲林縣古坑鄉草嶺村石壁聚落,23.6238354,120.7143465,"23.6238354, 120.7143465",05-5831121,全天開放,以在地孟宗竹打造五元二角涼亭群，漫步翠綠竹海宛如走入京都嵐山。,"台版嵐山竹林, 孟宗竹海, 涼亭竹構建築","https://www.google.com/maps/search/?api=1&query=23.6238354,120.7143465",山路狹窄請減速慢行；高海拔氣溫涼爽，建議帶薄外套。,五元兩角
SPOT-YL-033,觀光景點,高山景觀,雲嶺之丘,古坑鄉,646雲林縣古坑鄉草嶺村石壁聚落頂端,23.6279143,120.7114016,"23.6279143, 120.7114016",05-5831456,全天開放,座落雲林、南投、嘉義三縣交界制高點，擁有360度無死角茶園景觀台。,"海拔1650m, 三縣交界, 360度茶園景觀台, 雲海日出","https://www.google.com/maps/search/?api=1&query=23.6279143,120.7114016",午後容易起霧，建議上午前往視野最清晰；備有公廁與觀景台。,雲嶺之丘
SPOT-YL-034,觀光景點,觀光莊園,蘿莎玫瑰莊園,古坑鄉,646雲林縣古坑鄉永光村大湖口46-1號,23.611875,120.5704779,"23.611875, 120.5704779",0800-800193,08:00–17:00,占地萬坪香氛植物園區，栽植數百種珍貴玫瑰與香草，溫室浪漫好拍。,"千坪歐風玫瑰園, 溫室香草花園, 粉紅城堡","https://www.google.com/maps/search/?api=1&query=23.611875,120.5704779",設有大型停車場與無障礙步道；玫瑰花期隨季節常態綻放。,蘿莎玫瑰山莊
SPOT-YL-035,觀光景點,親水生態,椬梧滯洪池,口湖鄉,653雲林縣口湖鄉椬梧段,23.5418746,120.1735195,"23.5418746, 120.1735195",05-7905101,全天開放,因地層下陷改建的大型滯洪池，湖面碧波蕩漾，有雲林小日月潭美稱。,"雲林版小日月潭, 環湖自行車道, 賞鳥秘境","https://www.google.com/maps/search/?api=1&query=23.5418746,120.1735195",環湖自行車道平緩，適合清晨與傍晚騎行；設有多處涼亭。,椬梧滯洪池
SPOT-YL-036,觀光景點,濕地生態,成龍溼地,口湖鄉,653雲林縣口湖鄉成龍村,23.5560975,120.1644187,"23.5560975, 120.1644187",05-7970856,全天開放,國家級生態濕地，每年舉辦國際環境藝術季，水上地景倒映夕照唯美。,"國家級重要濕地, 環境藝術季, 水上夕陽, 水鳥棲息","https://www.google.com/maps/search/?api=1&query=23.5560975,120.1644187",夕陽時分最為驚艷；屬國家級濕地，請勿喧嘩或破壞藝術裝置。,成龍溼地
SPOT-YL-037,觀光景點,旅遊服務,口湖遊客中心,口湖鄉,653雲林縣口湖鄉光明路163號,23.5479337,120.1823695,"23.5479337, 120.1823695",05-7906601,09:00–17:00,雲嘉南濱海核心站點，屋頂以海燕展翅造型設計，提供諮詢與海線風味餐。,"西濱遊憩軸心, 海燕展翅造型, 甘苦人餐廳, 鐵馬補給","https://www.google.com/maps/search/?api=1&query=23.5479337,120.1823695",館內甘苦人餐廳供應蒲燒鰻與海味割稻飯，建議提早預約。,口湖遊客中心
SPOT-YL-038,觀光景點,觀光工廠,台灣鯛生態創意園區,口湖鄉,653雲林縣口湖鄉崙東村民生路1-88號,23.608147,120.171825,"23.608147, 120.171825",05-7993996,09:00–16:30 (週二三休),以高品質台灣鯛為主題的高科技生態展館，呈現智能養殖與生技萃取。,"全台首座台灣鯛工廠, 膠原蛋白生技, 互動海洋球池","https://www.google.com/maps/search/?api=1&query=23.608147,120.171825",館內冷氣開放，提供台灣鯛魚湯試飲與生技保養品選購。,台灣鯛生態創意園區
SPOT-YL-039,觀光景點,休閒農業,口湖金湖休閒農業區,口湖鄉,653雲林縣口湖鄉崇文路二段402巷88號,23.5478231,120.182109,"23.5478231, 120.182109",05-7895475,依各場館預約,高品質外銷鰻魚與烏魚子重鎮，提供穿青蛙裝摸蛤、抓蝦與現烤鰻魚。,"外銷鰻魚故鄉, 曬烏魚子體驗, 摸蛤抓蝦, 漁村風味餐","https://www.google.com/maps/search/?api=1&query=23.5478231,120.182109",「第一鰻波」鰻魚飯與穿青蛙裝下魚塭摸文蛤體驗需事前預約。,金湖休閒農業區
SPOT-YL-040,觀光景點,國定古蹟,麥寮拱範宮 (開山媽祖),麥寮鄉,638雲林縣麥寮鄉中正路3號,23.7483576,120.2559857,"23.7483576, 120.2559857",05-6932033,05:00–21:30,清康熙年間創建，為少數保存完整的國定古蹟媽祖廟，雕刻極具價值。,"國定古蹟, 開山媽祖, 廟宇工藝對場作, 開基神尊","https://www.google.com/maps/search/?api=1&query=23.7483576,120.2559857",三川殿與正殿可見黃龜理與陳天乞大師精彩對場作木雕與剪黏。,638雲林縣麥寮鄉麥豐村中正路3號
SPOT-YL-041,觀光景點,休閒農場,晁陽綠能休閒農場,麥寮鄉,638雲林縣麥寮鄉興華村永樂路52號,23.7512816,120.2970877,"23.7512816, 120.2970877",05-6938238,09:00–17:00 (週一休),太陽能綠能發電結合有機農業與蟋蟀生態養殖，提供食農教育體驗。,"太陽能農棚, 蟋蟀生態館, 採摘食農教育, 綠能環保","https://www.google.com/maps/search/?api=1&query=23.7512816,120.2970877",全台首座結合太陽能與農業農場；蟋蟀解說與炸蟋蟀體驗具特色。,晁陽綠能園區
SPOT-YL-042,觀光景點,休閒牧場,千巧谷牛樂園牧場,崙背鄉,637雲林縣崙背鄉羅厝村東興182-32號,23.76512,120.36485,"23.76512, 120.36485",05-6969845,09:00–19:00 (週末至20:00),以崙背酪農鮮乳為主題之童趣牧場，設有餵牛區、沙坑與鮮奶烘焙坊。,"免門票親子牧場, 餵乳牛吃牧草, 鮮奶烘焙甜點","https://www.google.com/maps/search/?api=1&query=23.76512,120.36485",免門票；餵牛牧草與飼料於現場購買；鮮奶烘焙坊常大排長龍。,千巧谷牛樂園牧場
SPOT-YL-043,觀光景點,客家文化,詔安客家文化館,崙背鄉,637雲林縣崙背鄉民生路28-8號,23.7637772,120.3551258,"23.7637772, 120.3551258",05-6960111,09:00–17:00 (週一二休),首座以詔安客家為主題之文化館，外觀融合土樓意象，展示開口獅工藝。,"詔安客家原鄉, 開口獅工藝, 禾埕建築, 客家七嵌武術","https://www.google.com/maps/search/?api=1&query=23.7637772,120.3551258",中秋節期間舉辦盛大「雲林詔安客家文化節（舉火把遊客庄）」。,637雲林縣崙背鄉東明村民生路28-8號
SPOT-YL-044,觀光景點,濱海展館,台西海口生活館,台西鄉,636雲林縣台西鄉中央路1066號,23.6999603,120.1898565,"23.6999603, 120.1898565",05-6983947,10:00–18:00 (週一二休),融合高腳屋意象之綠建築，設有溼地步道、水上膠筏與文蛤生態採集。,"高腳屋水上綠建築, 撐膠筏體驗, 摸文蛤, 濱海夕陽","https://www.google.com/maps/search/?api=1&query=23.6999603,120.1898565",高腳屋親水拍照美；摸文蛤與水上撐膠筏體驗請提早預約潮汐。,海口村漁民活動中心
SPOT-YL-045,觀光景點,彩繪藝術,台西國際彩繪村,台西鄉,636雲林縣台西鄉海口村海口路,23.6993474,120.1937069,"23.6993474, 120.1937069",無,全天開放,各國志工與在地居民彩繪的海口漁村，將蚵殼與童話彩繪於紅磚老屋。,"多國青年彩繪, 蚵殼地景牆, 漁村巷弄壁畫","https://www.google.com/maps/search/?api=1&query=23.6993474,120.1937069",彩繪分布於一般安靜漁村巷弄內，參觀拍照請放低音量勿擾民。,國際志工彩繪藝術村(蚵殼厝)
SPOT-YL-046,觀光景點,名人故居,鄧麗君幼年故居,褒忠鄉,634雲林縣褒忠鄉田洋村頂田路37號,23.7199261,120.3119236,"23.7199261, 120.3119236",05-6972005,09:00–17:00 (週一二休),一代歌后鄧麗君出生地，保留農村三合院老厝，陳列黑白照片與生活足跡。,"一代歌后, 眷村三合院, 甜蜜蜜老歌, 幼年文物展","https://www.google.com/maps/search/?api=1&query=23.7199261,120.3119236",館內播放經典金曲；陳列古早童玩與歌后生平珍貴影像紀錄。,雲林縣褒忠鄉鄧麗君出生地文化園區
SPOT-YL-047,觀光景點,宗教文化,褒忠馬鳴山五年千歲公園,褒忠鄉,634雲林縣褒忠鄉馬鳴村鎮安路31號,23.6999295,120.2782851,"23.6999295, 120.2782851",05-6972045,08:00–17:00,全台最大寺廟景觀迷宮公園，建置高聳彩虹拱橋、恐龍石雕與曲徑迷宮。,"全台最大寺廟公園, 彩虹彩馬拱橋, 73關奇石迷宮","https://www.google.com/maps/search/?api=1&query=23.6999295,120.2782851",走全程約需1.5~2小時，階梯多請穿舒適布鞋並適度補水。,馬鳴山鎮安宮五年千歲祖廟
SPOT-YL-048,觀光景點,開台歷史,顏思齊開台文化客廳,水林鄉,652雲林縣水林鄉水北村文化路20號,23.5706713,120.2550081,"23.5706713, 120.2550081",05-7850001,09:00–17:00 (週一二休),水林為開台第一庄，文化客廳重現大航海時代漢人拓墾台灣歷史足跡。,"開台第一庄, 顏思齊登台歷史, 明朝七角井, 地瓜文創","https://www.google.com/maps/search/?api=1&query=23.5706713,120.2550081",周邊可順遊保留至今的明清歷史遺跡「水林七角井」與黃金地瓜田。,水林開台第一庄
SPOT-YL-049,觀光景點,生態教育,水林黃金蝙蝠生態館,水林鄉,652雲林縣水林鄉蘇 header 誠正國小校園內,23.620801,120.2612908,"23.620801, 120.2612908",05-7921097,"09:00–12:00, 13:00–16:30 (週一二休)",位於誠正國小校園內，為首座以蝙蝠保育為核心生態館，守護鼠耳蝠棲地。,"首座蝙蝠生態館, 金黃鼠耳蝠保育, 誠正國小校園","https://www.google.com/maps/search/?api=1&query=23.620801,120.2612908",春夏（5~8月）為黃金蝙蝠繁衍活躍期，校園樹梢易觀察到身影。,黃金蝙蝠生態館
SPOT-YL-050,觀光景點,宗教文化,土庫順天宮 (塗庫媽),土庫鎮,633雲林縣土庫鎮中正路109號,23.6764379,120.390708,"23.6764379, 120.390708",05-6622658,06:00–21:00,歷史悠久媽祖古廟，正殿石雕大木作保存佳，廟口老街小吃聚集。,"塗庫媽祖, 縣定古蹟, 日本觀音歷史神像, 廟口小吃","https://www.google.com/maps/search/?api=1&query=23.6764379,120.390708",廟內保存皇民化運動時期迎入供奉之「日本木雕觀音菩薩立像」。,土庫順天宮
SPOT-YL-051,觀光景點,歷史建築,土庫故事屋,土庫鎮,633雲林縣土庫鎮成功路59號,23.6773644,120.3930321,"23.6773644, 120.3930321",05-6629910,09:00–17:00 (週一二休),日治公務宿舍修復，木造雙拼日式結構融合親子故事空間。,"日式雙拼木造宿舍, 兒童故事繪本, 社區微冊角落","https://www.google.com/maps/search/?api=1&query=23.6773644,120.3930321",入室需脫鞋；週末定期辦理繪本共讀與手作體驗活動。,土庫故事屋
SPOT-YL-052,觀光景點,觀光工廠,源順芝麻觀光油廠,土庫鎮,633雲林縣土庫鎮成功路1-60號,23.6724033,120.3957209,"23.6724033, 120.3957209",05-6622268,08:00–17:30,百年製油品牌，展示古早石磨榨油至現代低溫冷壓技術。,"百年製油, 冷壓黑麻油, 純天然芝麻糖, 榨油文化","https://www.google.com/maps/search/?api=1&query=23.6724033,120.3957209",散發濃郁芝麻純香；館內設有透明製程產線與健康油導覽。,633雲林縣土庫鎮越港里成功路1-60號
SPOT-YL-053,觀光景點,休閒體驗,樂米工坊 (米烘焙概念館),土庫鎮,633雲林縣土庫鎮建國路35巷3號,23.6788102,120.39765,"23.6788102, 120.39765",05-6626009,09:00–18:00 (週一休),三代碾米廠轉型，將台灣米研磨成純米蛋糕與酥餅，推廣米食美學。,"100%純米蛋糕, 無麩質烘焙, 親子米點心DIY","https://www.google.com/maps/search/?api=1&query=23.6788102,120.39765",純米無麩質烘焙適合過敏體質；DIY米餅乾需提前預約。,樂米工坊
SPOT-YL-054,觀光景點,季節花海,莿桐孩政村花海 (季節限定),莿桐鄉,647雲林縣莿桐鄉孩沙富聚落,23.77063,120.503601,"23.77063, 120.503601",05-5842201,全天開放,春節巨型花海，休耕期種植百公頃波斯菊與向日葵，如大地畫布。,"全台最大波斯菊花海, 春節向日葵花田, 走春打卡","https://www.google.com/maps/search/?api=1&query=23.77063,120.503601",花期約在春節元宵期間；田埂行走請勿踩踏花卉作物。,雲林花海莿桐孩沙里
SPOT-YL-055,觀光景點,歷史建築,莿桐樹仔腳天主堂 (聖若瑟堂),莿桐鄉,647雲林縣莿桐鄉樹仔腳路156號,23.7795385,120.5192661,"23.7795385, 120.5192661",05-5842045,日間開放,雲林最悠久天主堂之一，磚造洗石子典雅莊嚴，彩繪玻璃透光迷人。,"百年天主堂, 哥德洋風建築, 彩繪玻璃, 雲林最早教堂","https://www.google.com/maps/search/?api=1&query=23.7795385,120.5192661",創立於1890年，為雲林天主教發源地；入內參觀請尊重宗教禮儀。,財團法人天主教會嘉義教區饒平大聖若瑟朝聖地(Shuzijiao Catholic Church)
SPOT-YL-056,觀光景點,彩繪聚落,二崙湳仔鐵道彩繪村,二崙鄉,649雲林縣二崙鄉湳仔路,23.751199,120.413003,"23.751199, 120.413003",05-5982001,全天開放,將台糖五分車運蔗鐵道與詔安客家生活彩繪於聚落牆面，充滿懷舊記憶。,"台糖五分車壁畫, 3D立體互動彩繪, 詔安客家彩繪","https://www.google.com/maps/search/?api=1&query=23.751199,120.413003",村內彩繪融入古早農具與運蔗台車3D立體視角，好拍好玩。,二崙鐵道彩繪
SPOT-YL-057,觀光景點,歷史建築,二崙故事屋,二崙鄉,649雲林縣二崙鄉中山路102號,23.7704358,120.4132209,"23.7704358, 120.4132209",05-5989480,週三至週日 09:00–17:00 (週一二休),日治二崙分駐所警察宿舍修復，推廣客家文學、歷史繪本與老街巡禮。,"原二崙分駐所派出所, 日治木造建築, 客家文化推廣","https://www.google.com/maps/search/?api=1&query=23.7704358,120.4132209",為詔安客家鄉鎮推動客語讀本與在地故事之文化小聚落。,二崙故事屋(Erlun Story House)
SPOT-YL-058,觀光景點,休閒農業,林內農會教芋部 ＆ 芋頭田,林內鄉,643雲林縣林內鄉烏麻村烏麻拔34號,23.7593165,120.616684,"23.7593165, 120.616684",05-5892002,09:00–17:00 (週二休),以林內特產檳榔心芋為主題之推廣館，提供採芋體驗與濃郁甜品。,"檳榔心芋, 現煮芋頭冰淇淋, 拔芋頭體驗, 濁水溪灌溉","https://www.google.com/maps/search/?api=1&query=23.7593165,120.616684",以濁水溪泥灌溉聞名，口感綿密；現場必嘗手工芋圓剉冰。,雲林縣林內鄉
SPOT-YL-059,觀光景點,歷史古蹟,林內神社 (林內公園與鳥居),林內鄉,643雲林縣林內鄉公園路,23.753817,120.615421,"23.753817, 120.615421",05-5892001,全天開放,昭和年間林內神社遺址，保留鳥居、石燈籠與石階，登頂俯瞰田園。,"日治神社遺構, 巨大紅色鳥居, 石燈籠參道, 紫斑蝶季","https://www.google.com/maps/search/?api=1&query=23.753817,120.615421",保留兩座完整鳥居與參道；每年春季（3~4月）為紫斑蝶遷徙熱點。,林內神社第三鳥居
SPOT-YL-060,觀光景點,自然景觀,林內落羽松秘境 (九芎落羽松),林內鄉,643雲林縣林內鄉九芎村乾溪水圳旁,23.750396,120.6048266,"23.750396, 120.6048266",無,全天開放,數百棵落羽松排列於灌溉水渠旁，秋冬由黃轉紅，倒映水中如夢似幻。,"水上落羽松, 歐洲森林風情, 冬季漸層變色, 拍照聖地","https://www.google.com/maps/search/?api=1&query=23.750396,120.6048266",每年11月至翌年1月為最美期；位處鄉間小路注意勿阻礙農機。,九芎村落羽松祕境
SPOT-YL-061,觀光景點,產業文化,大埤酸菜文化館,大埤鄉,631雲林縣大埤鄉民生路665號,23.6305838,120.4136461,"23.6305838, 120.4136461",05-5915904,08:00–16:00 (週一二休),展示大埤鄉百年芥菜醃製歷史，介紹自然日曬發酵與酸菜料理。,"酸菜故鄉, 巨大醃漬木桶, 古法發酵製程, 特色料理","https://www.google.com/maps/search/?api=1&query=23.6305838,120.4136461",大埤供應全台85%酸菜；展出壯觀大型醃酸菜木桶與古法解說。,大埤酸菜文化館
SPOT-YL-062,觀光景點,歷史古蹟,大埤三山國王廟 (縣定古蹟),大埤鄉,631雲林縣大埤鄉大埤頭路,23.6270671,120.4218084,"23.6270671, 120.4218084",05-5912440,06:00–21:00,清嘉慶年間建立，為保存最完整之三山國王古廟，石雕彩繪極具價值。,"縣定古蹟, 客家移民信仰, 精雕石柱, 兩百年古廟","https://www.google.com/maps/search/?api=1&query=23.6270671,120.4218084",正殿保存嘉慶古匾與精緻青斗石雕龍柱，為客家開墾見證。,大埤大和街三仙亭(三山國王)
SPOT-YL-063,觀光景點,鐵道歷史,斗南火車站 ＆ 他里霧文化園區,斗南鎮,630雲林縣斗南鎮南昌路17號,23.6739587,120.4813354,"23.6739587, 120.4813354",05-5962007,週三至週日 09:00–17:00 (週一二休),鐵道重鎮，保留舊倉庫群改建為他里霧文化園區，提供繪本與展覽。,"日治火車站, 糖鐵倉庫群, 他里霧繪本館, 環境教育館","https://www.google.com/maps/search/?api=1&query=23.6739587,120.4813354",斗南車站為日治斜屋頂洋風車站；倉庫群整合為親子繪本電影館。,他里霧文化園區
SPOT-YL-064,觀光景點,彩繪藝術,斗南石龜溪 熊貓彩繪村,斗南鎮,630雲林縣斗南鎮石龜里,23.6408119,120.4831925,"23.6408119, 120.4831925",05-5972001,全天開放,將竹林產業記憶結合3D貓熊彩繪，巷弄處處可見生動熊貓壁畫。,"3D可愛熊貓彩繪, 貓熊竹林立體壁畫, 石龜火車站","https://www.google.com/maps/search/?api=1&query=23.6408119,120.4831925",早期以竹編聞名，因而以竹林中的熊貓為主題進行聚落彩繪。,石龜溪熊貓彩繪村
SPOT-YL-065,觀光景點,宗教文化,四湖海清宮 (包公祖廟),四湖鄉,654雲林縣四湖鄉三崙村海清路93號,23.6569253,120.1534614,"23.6569253, 120.1534614",05-7721005,05:00–21:30,清乾隆年間建廟，奉祀閻羅天子包青天，整座廟殿依宋代宮殿建造。,"全台包公祖廟, 閻羅天子包青天, 仿古森嚴殿宇, 濱海名廟","https://www.google.com/maps/search/?api=1&query=23.6569253,120.1534614",全台包公信仰發源地；正殿全以巨大原木花崗石精雕，氣勢磅礴。,三條崙海清宮
SPOT-YL-066,觀光景點,休閒農遊,四湖萇弘農產 (百合花/南瓜隧道),四湖鄉,654雲林縣四湖鄉溪尾村,23.6192054,120.2100824,"23.6192054, 120.2100824",0912-345678,08:00–17:00,春季盛開萬朵孤挺花與潔白鐵砲百合花海，搭配造型南瓜隧道。,"孤挺花海, 鐵砲百合花田, 造型南瓜綠色隧道","https://www.google.com/maps/search/?api=1&query=23.6192054,120.2100824",每年3~5月為百合花與孤挺花盛開期；南瓜隧道果實纍纍。,四湖鄉農會肥料湖寮代銷處
SPOT-YL-067,觀光景點,濱海親水,三條崙海水浴場 ＆ 風箏衝浪基地,四湖鄉,654雲林縣四湖鄉三崙村海清路底,23.6598956,120.1538699,"23.6598956, 120.1538699",05-7872001,全天開放,海水浴場轉型為國際級風箏衝浪基地與木麻黃防風林休閒步道。,"風箏衝浪聖地, 防風林親水步道, 濱海夕陽, 海洋運動","https://www.google.com/maps/search/?api=1&query=23.6598956,120.1538699",秋冬季風強勁，為風箏衝浪玩家聖地；戲水注意潮汐安全。,三條崙海水浴場
SPOT-YL-068,觀光景點,宗教文化,東勢賜安宮,東勢鄉,635雲林縣東勢鄉賜安路1號,23.6743741,120.2543276,"23.6743741, 120.2543276",05-6991045,06:00–21:00,東勢歷史悠久之信仰中心，主祀三山國王，見證早年拓墾開荒歷史。,"三山國王古廟, 東勢信仰中心, 廟宇彩繪石雕, 祈福平安","https://www.google.com/maps/search/?api=1&query=23.6743741,120.2543276",宮廟為全鄉信仰樞紐，周邊街區匯聚道地鵝肉與蒜頭特產美食。,雲林東勢厝賜安宮 三山國王
SPOT-YL-069,觀光景點,精緻農業,東勢月眉蝴蝶蘭花園,東勢鄉,635雲林縣東勢鄉月眉村,23.6855129,120.288288,"23.6855129, 120.288288",05-6993120,08:30–17:00,利用現代化溫室智能環控技術培育頂級蝴蝶蘭，展現外銷實力。,"外銷蝴蝶蘭, 溫室智能栽培, 雲林農業奇蹟, 花藝鑑賞","https://www.google.com/maps/search/?api=1&query=23.6855129,120.288288",全年生產各品種冠軍級蝴蝶蘭，提供溫室賞花與盆花選購。,東勢月眉月興宮
SPOT-YL-070,觀光景點,產業公園,麥寮台塑六輕阿媽公園,麥寮鄉,638雲林縣麥寮鄉台塑工業園區1號,23.77812,120.21125,"23.77812, 120.21125",05-6812345,08:00–17:30,六輕園區內紀念公園，結合江南庭園水景與綠化植栽。,"填海造陸奇蹟, 紀念創辦人母親, 錦鯉水塘, 綠化林園","https://www.google.com/maps/search/?api=1&query=23.77812,120.21125",參觀需於門口警衛室配合登記；內部庭園造景優美雅緻。,麥寮台塑六輕阿媽公園
