站點代碼,來源分類,行政區,站點名稱,站點細項分類,緯度(Latitude),經度(Longitude),詳細地址/位置,飲水機補水資訊,洗手間/公廁資訊,充氣/單車設施,開放/營業時間,網站小卡文案簡介,特色標籤,Google地圖連結,特色標籤
YL-DL-001,MOOVO自行車租借站,斗六市,斗六火車站前站,交通轉運,23.709923,120.543438,民生路與大同路口（斗六火車站前站廣場／設有MOOVO雲林服務中心）,周邊設施/視站點所在園區而定,周邊設施/視站點所在園區而定,提供車款: 智慧自行車 (Smart Bike) / 電動輔助車 (E-Bike) | 租借方式: MOOVO APP 掃碼 / 電子票證（悠遊卡、一卡通、TPASS通勤月票）,24小時營運 (APP/電子票證租借),斗六交通核心樞紐，設有MOOVO官方服務中心，轉乘台鐵、客運與市區漫遊最便捷首站。,"火車站,服務中心,TPASS適用,商圈中心","https://www.google.com/maps/search/?api=1&query=23.709923,120.543438",
YL-DL-002,MOOVO自行車租借站,斗六市,斗六火車站後站,交通轉運,23.711832,120.544712,武昌路斗六火車站後站出口廣場,周邊設施/視站點所在園區而定,周邊設施/視站點所在園區而定,提供車款: 智慧自行車 / 電動輔助車 | 租借方式: APP掃碼 / 電子票證,24小時營運 (APP/電子票證租借),火車站後站快速出入通道，方便往後站住宅區及周邊機關通勤借還車。,"火車站,通勤推薦,後站商圈","https://www.google.com/maps/search/?api=1&query=23.711832,120.544712",
YL-DL-003,MOOVO自行車租借站,斗六市,國立雲林科技大學,學校文教,23.695347,120.534289,大學路三段123號（雲科大大門口/行政大樓旁）,周邊設施/視站點所在園區而定,周邊設施/視站點所在園區而定,提供車款: 智慧自行車 / 電動輔助車 | 租借方式: APP掃碼 / 電子票證,24小時營運 (APP/電子票證租借),雲林最高學府主要出入口，校園廣闊，騎乘MOOVO穿梭系館與市區最省時。,"大專院校,學生通勤,校園周邊","https://www.google.com/maps/search/?api=1&query=23.695347,120.534289",
YL-DL-004,MOOVO自行車租借站,斗六市,雲林科技大學(龍潭路),學校文教,23.693481,120.536972,龍潭路雲科大學生商圈/側門,周邊設施/視站點所在園區而定,周邊設施/視站點所在園區而定,提供車款: 智慧自行車 / 電動輔助車 | 租借方式: APP掃碼 / 電子票證,24小時營運 (APP/電子票證租借),雲科大人氣美食街龍潭路，聚集多樣學生餐廳與小吃，用餐騎行首選。,"學生商圈,美食街,高使用率","https://www.google.com/maps/search/?api=1&query=23.693481,120.536972",
YL-DL-005,MOOVO自行車租借站,斗六市,斗六棒球場,觀光休閒,23.717615,120.548903,明德北路二段320號（斗六國際棒球場正門）,周邊設施/視站點所在園區而定,周邊設施/視站點所在園區而定,提供車款: 智慧自行車 / 電動輔助車 | 租借方式: APP掃碼 / 電子票證,24小時營運 (APP/電子票證租借),國際標準級賽事場地，職棒賽事、運動休閒活動最佳綠色接駁點。,"運動場館,職棒賽事,停車便利","https://www.google.com/maps/search/?api=1&query=23.717615,120.548903",
YL-DL-006,MOOVO自行車租借站,斗六市,斗六觀光夜市,購物商圈,23.698942,120.542283,鎮南路與明德東路口周邊,周邊設施/視站點所在園區而定,周邊設施/視站點所在園區而定,提供車款: 智慧自行車 / 電動輔助車 | 租借方式: APP掃碼 / 電子票證,24小時營運 (APP/電子票證租借),雲林最大型觀光流動夜市，每逢營運日人潮絡繹不絕，免找車位輕鬆迺夜市。,"在地夜市,觀光必訪,假日熱點","https://www.google.com/maps/search/?api=1&query=23.698942,120.542283",
YL-DL-007,MOOVO自行車租借站,斗六市,雲林縣政府,機關醫療,23.700341,120.531728,雲林路二段515號（雲林縣政府大門／文化觀光處旁）,周邊設施/視站點所在園區而定,周邊設施/視站點所在園區而定,提供車款: 智慧自行車 / 電動輔助車 | 租借方式: APP掃碼 / 電子票證,24小時營運 (APP/電子票證租借),雲林縣行政核心，洽公、文化觀光處看展或造訪縣府園區最便利站點。,"行政中心,洽公便利,文化中心","https://www.google.com/maps/search/?api=1&query=23.700341,120.531728",
YL-DL-008,MOOVO自行車租借站,斗六市,成大醫院斗六分院,機關醫療,23.708152,120.551944,莊敬路345號（成大斗六分院大門口）,周邊設施/視站點所在園區而定,周邊設施/視站點所在園區而定,提供車款: 智慧自行車 / 電動輔助車 | 租借方式: APP掃碼 / 電子票證,24小時營運 (APP/電子票證租借),斗六核心醫療重鎮，提供就醫看診民眾與醫護人員低碳接駁服務。,"醫療照護,長照接駁,市區通勤","https://www.google.com/maps/search/?api=1&query=23.708152,120.551944",
YL-DL-009,MOOVO自行車租借站,斗六市,行啟紀念館,觀光休閒,23.704618,120.540871,府前街101號（行啟紀念館／斗六公民會館）,周邊設施/視站點所在園區而定,周邊設施/視站點所在園區而定,提供車款: 智慧自行車 / 電動輔助車 | 租借方式: APP掃碼 / 電子票證,24小時營運 (APP/電子票證租借),日治時期歷史建築與文創園區，假日市集與藝文展覽熱門踩點區。,"文創園區,古蹟散策,假日市集","https://www.google.com/maps/search/?api=1&query=23.704618,120.540871",
YL-DL-010,MOOVO自行車租借站,斗六市,斗六家樂福,購物商圈,23.704256,120.535812,雲林路二段297號（家樂福斗六店入口旁）,周邊設施/視站點所在園區而定,周邊設施/視站點所在園區而定,提供車款: 智慧自行車 / 電動輔助車 | 租借方式: APP掃碼 / 電子票證,24小時營運 (APP/電子票證租借),斗六市區主要量販採購據點，鄰近雲林路各類連鎖生活賣場。,"生活採買,市區商圈,購物接駁","https://www.google.com/maps/search/?api=1&query=23.704256,120.535812",
YL-DL-011,MOOVO自行車租借站,斗六市,雲林溪美食廣場,購物商圈,23.706189,120.540125,民生南路雲林溪畔美食廣場,周邊設施/視站點所在園區而定,周邊設施/視站點所在園區而定,提供車款: 智慧自行車 / 電動輔助車 | 租借方式: APP掃碼 / 電子票證,24小時營運 (APP/電子票證租借),品嚐斗六道地老字號小吃（魷魚羹、排骨酥麵、當歸鴨）最佳聚落。,"道地小吃,河岸散步,市中心","https://www.google.com/maps/search/?api=1&query=23.706189,120.540125",
YL-DL-012,MOOVO自行車租借站,斗六市,斗六高中,學校文教,23.714521,120.545112,文化路211號（國立斗六高級中學校門旁）,周邊設施/視站點所在園區而定,周邊設施/視站點所在園區而定,提供車款: 智慧自行車 / 電動輔助車 | 租借方式: APP掃碼 / 電子票證,24小時營運 (APP/電子票證租借),斗六指標高級中等學校，學生通學往返火車站的主要綠色運具站點。,"高中通學,學生首選,台鐵接駁","https://www.google.com/maps/search/?api=1&query=23.714521,120.545112",
YL-DL-013,MOOVO自行車租借站,斗六市,斗六家商,學校文教,23.702812,120.548971,成功路61號（國立斗六家商大門）,周邊設施/視站點所在園區而定,周邊設施/視站點所在園區而定,提供車款: 智慧自行車 / 電動輔助車 | 租借方式: APP掃碼 / 電子票證,24小時營運 (APP/電子票證租借),鄰近成功路商圈與斗六家商，學生通勤及在地居民代步便利據點。,"學校通學,市區交通,擴站支援","https://www.google.com/maps/search/?api=1&query=23.702812,120.548971",
YL-DL-014,MOOVO自行車租借站,斗六市,斗六水岸公園,觀光休閒,23.701145,120.536782,水岸公園園區步道口（雲林溪水岸）,周邊設施/視站點所在園區而定,周邊設施/視站點所在園區而定,提供車款: 智慧自行車 / 電動輔助車 | 租借方式: APP掃碼 / 電子票證,24小時營運 (APP/電子票證租借),結合親水生態與親民自行車步道，傍晚散步、假日親子休閒好去處。,"親水綠帶,休閒慢活,自行車道","https://www.google.com/maps/search/?api=1&query=23.701145,120.536782",
YL-DL-015,MOOVO自行車租借站,斗六市,寧濟御庭,觀光休閒,23.681123,120.575231,斗六市貞寮路寧濟御庭山水園區旁,周邊設施/視站點所在園區而定,周邊設施/視站點所在園區而定,提供車款: 智慧自行車 / 電動輔助車 | 租借方式: APP掃碼 / 電子票證,24小時營運 (APP/電子票證租借),斗六知名精緻中式園林景觀園區，古風庭園造景，假日熱門觀光新站點。,"熱門景點,中式園林,拍照打卡","https://www.google.com/maps/search/?api=1&query=23.681123,120.575231",
YL-HW-001,MOOVO自行車租借站,虎尾鎮,高鐵雲林站,交通轉運,23.738128,120.432654,站前東路301號（台灣高鐵雲林站出口接駁區）,周邊設施/視站點所在園區而定,周邊設施/視站點所在園區而定,提供車款: 智慧自行車 / 電動輔助車 | 租借方式: APP掃碼 / 電子票證,24小時營運 (APP/電子票證租借),雲林聯外高鐵門戶，提供商務旅客、返鄉遊子迅速銜接中科園區與虎尾市區。,"高鐵樞紐,商務通勤,中科虎尾","https://www.google.com/maps/search/?api=1&query=23.738128,120.432654",
YL-HW-002,MOOVO自行車租借站,虎尾鎮,國立虎尾科技大學(文化路),學校文教,23.704123,120.435876,文化路64號（虎科大第一校區文化路校門）,周邊設施/視站點所在園區而定,周邊設施/視站點所在園區而定,提供車款: 智慧自行車 / 電動輔助車 | 租借方式: APP掃碼 / 電子票證,24小時營運 (APP/電子票證租借),虎尾科技大學核心校區，緊鄰市中心文化路繁榮商圈，學生租借量極高。,"大專院校,虎科大,學生商圈","https://www.google.com/maps/search/?api=1&query=23.704123,120.435876",
YL-HW-003,MOOVO自行車租借站,虎尾鎮,虎尾科技大學(八德街),學校文教,23.701894,120.438912,八德街虎科大第二校區/宿舍區,周邊設施/視站點所在園區而定,周邊設施/視站點所在園區而定,提供車款: 智慧自行車 / 電動輔助車 | 租借方式: APP掃碼 / 電子票證,24小時營運 (APP/電子票證租借),連接虎科大學生宿舍與教學大樓，下課代步跨校區移動首選。,"宿舍接駁,校園通行,生活圈","https://www.google.com/maps/search/?api=1&query=23.701894,120.438912",
YL-HW-004,MOOVO自行車租借站,虎尾鎮,雲林故事館 / 雲林布袋戲館,觀光休閒,23.709321,120.433894,林森路一段528號（日治郡守官邸／虎尾郡役所旁）,周邊設施/視站點所在園區而定,周邊設施/視站點所在園區而定,提供車款: 智慧自行車 / 電動輔助車 | 租借方式: APP掃碼 / 電子票證,24小時營運 (APP/電子票證租借),虎尾文化四館核心地帶（故事館、布袋戲館、合同廳舍誠品、虎尾驛）。,"文化古蹟,布袋戲之鄉,誠品虎尾","https://www.google.com/maps/search/?api=1&query=23.709321,120.433894",
YL-HW-005,MOOVO自行車租借站,虎尾鎮,建國眷村,觀光休閒,23.719875,120.418762,建國一村眷村文化園區入口,周邊設施/視站點所在園區而定,周邊設施/視站點所在園區而定,提供車款: 智慧自行車 / 電動輔助車 | 租借方式: APP掃碼 / 電子票證,24小時營運 (APP/電子票證租借),全台少數保存完整的農村型眷村，老屋改造文創工坊與特色咖啡廳雲集。,"歷史眷村,文創基地,漫活騎行","https://www.google.com/maps/search/?api=1&query=23.719875,120.418762",
YL-HW-006,MOOVO自行車租借站,虎尾鎮,虎尾糖廠 / 同心公園,觀光休閒,23.702987,120.436214,中山路與民主三路口（虎尾糖廠冰品部／同心公園旁）,周邊設施/視站點所在園區而定,周邊設施/視站點所在園區而定,提供車款: 智慧自行車 / 電動輔助車 | 租借方式: APP掃碼 / 電子票證,24小時營運 (APP/電子票證租借),百年糖都經典地標，品嚐台糖冰棒、欣賞季節性五分車運蔗與百年鐵橋。,"百年糖廠,糖鐵風情,休閒散步","https://www.google.com/maps/search/?api=1&query=23.702987,120.436214",
YL-HW-007,MOOVO自行車租借站,虎尾鎮,臺大醫院雲林分院虎尾院區,機關醫療,23.731456,120.438765,學府路99號（高鐵特定區臺大虎尾分院）,周邊設施/視站點所在園區而定,周邊設施/視站點所在園區而定,提供車款: 智慧自行車 / 電動輔助車 | 租借方式: APP掃碼 / 電子票證,24小時營運 (APP/電子票證租借),高鐵特定區大型醫學中心，提供就醫看診與特定區內工作人員低碳通勤。,"醫療園區,高鐵特區,長照就醫","https://www.google.com/maps/search/?api=1&query=23.731456,120.438765",
YL-HW-008,MOOVO自行車租借站,虎尾鎮,興隆毛巾觀光工廠,觀光休閒,23.722894,120.449123,埒內里84-1號（興隆毛巾觀光工廠大門口）,周邊設施/視站點所在園區而定,周邊設施/視站點所在園區而定,提供車款: 智慧自行車 / 電動輔助車 | 租借方式: APP掃碼 / 電子票證,24小時營運 (APP/電子票證租借),全台知名毛巾文創觀光工廠，體驗造型毛巾DIY與傳統產業升級魅力。,"觀光工廠,親子同遊,手作體驗","https://www.google.com/maps/search/?api=1&query=23.722894,120.449123",
YL-DN-001,MOOVO自行車租借站,斗南鎮,斗南車站前站,交通轉運,23.679123,120.481234,中山路與延平路一段口（斗南火車站站前廣場）,周邊設施/視站點所在園區而定,周邊設施/視站點所在園區而定,提供車款: 智慧自行車 / 電動輔助車 | 租借方式: APP掃碼 / 電子票證,24小時營運 (APP/電子票證租借),斗南重要交通門戶與歷史悠久的折衷主義老車站，串聯市中心商圈與順安宮。,"台鐵車站,市區核心,歷史古蹟","https://www.google.com/maps/search/?api=1&query=23.679123,120.481234",
YL-DN-002,MOOVO自行車租借站,斗南鎮,斗南順安宮,宗教社區,23.675432,120.480123,長安路一段126號（順安宮媽祖廟前）,周邊設施/視站點所在園區而定,周邊設施/視站點所在園區而定,提供車款: 智慧自行車 / 電動輔助車 | 租借方式: APP掃碼 / 電子票證,24小時營運 (APP/電子票證租借),斗南在地信仰中心「斗南媽」，周邊傳統美食小吃密集。,"信仰中心,媽祖廟,廟口小吃","https://www.google.com/maps/search/?api=1&query=23.675432,120.480123",
YL-DN-003,MOOVO自行車租借站,斗南鎮,斗南田徑場,觀光休閒,23.684567,120.477654,大成路斗南田徑場正門口,周邊設施/視站點所在園區而定,周邊設施/視站點所在園區而定,提供車款: 智慧自行車 / 電動輔助車 | 租借方式: APP掃碼 / 電子票證,24小時營運 (APP/電子票證租借),全縣運動賽事與大型體育活動主要場地，周邊設有運動休閒公園。,"體育場館,運動健走,休憩空間","https://www.google.com/maps/search/?api=1&query=23.684567,120.477654",
YL-DN-004,MOOVO自行車租借站,斗南鎮,石龜車站,交通轉運,23.642198,120.486543,石龜里石龜火車站旁,周邊設施/視站點所在園區而定,周邊設施/視站點所在園區而定,提供車款: 智慧自行車 / 電動輔助車 | 租借方式: APP掃碼 / 電子票證,24小時營運 (APP/電子票證租借),縱貫鐵路雲林最南端小站，靜謐田園風光，目前因周邊工程暫停營運。,"台鐵小站,農村秘境,工程施工中","https://www.google.com/maps/search/?api=1&query=23.642198,120.486543",
YL-SL-001,MOOVO自行車租借站,西螺鎮,西螺大橋公園 / 蝴蝶公園,觀光休閒,23.803456,120.463219,西螺大橋南端橋頭公園／高灘地蝴蝶公園,周邊設施/視站點所在園區而定,周邊設施/視站點所在園區而定,提供車款: 智慧自行車 / 電動輔助車 | 租借方式: APP掃碼 / 電子票證,24小時營運 (APP/電子票證租借),遠眺經典紅色「遠東第一大橋」之美，濁水溪畔騎行與野餐最佳景點。,"地標景點,西螺大橋,河濱公園","https://www.google.com/maps/search/?api=1&query=23.803456,120.463219",
YL-SL-002,MOOVO自行車租借站,西螺鎮,西螺轉運站,交通轉運,23.799812,120.461945,中山路70號（西螺國道客運轉運站旁）,周邊設施/視站點所在園區而定,周邊設施/視站點所在園區而定,提供車款: 智慧自行車 / 電動輔助車 | 租借方式: APP掃碼 / 電子票證,24小時營運 (APP/電子票證租借),國道客運往返台北、台中、高雄轉運中樞，下車即可無縫換乘MOOVO深入西螺老街。,"國道客運,交通轉乘,老街起點","https://www.google.com/maps/search/?api=1&query=23.799812,120.461945",
YL-SL-003,MOOVO自行車租借站,西螺鎮,西螺森活武樹園區,觀光休閒,23.795432,120.457812,光復西路西螺森活武樹園區入口,周邊設施/視站點所在園區而定,周邊設施/視站點所在園區而定,提供車款: 智慧自行車 / 電動輔助車 | 租借方式: APP掃碼 / 電子票證,24小時營運 (APP/電子票證租借),以西螺傳統武術七崁文化為主題的生態綠地，寓教於樂的綠化運動公園。,"七崁武術,生態園區,親子休閒","https://www.google.com/maps/search/?api=1&query=23.795432,120.457812",
YL-BG-001,MOOVO自行車租借站,北港鎮,北港武德宮,宗教社區,23.585412,120.306123,華勝路330號（五路武財神祖廟大門廣場旁）,周邊設施/視站點所在園區而定,周邊設施/視站點所在園區而定,提供車款: 智慧自行車 / 電動輔助車 | 租借方式: APP掃碼 / 電子票證,24小時營運 (APP/電子票證租借),全台五路武財神開基祖廟，求財香火鼎盛，信眾參拜與觀光熱門站點。,"財神祖廟,香火鼎盛,朝聖景點","https://www.google.com/maps/search/?api=1&query=23.585412,120.306123",
YL-BG-002,MOOVO自行車租借站,北港鎮,北港觀光大橋 / 北港遊客中心,觀光休閒,23.565891,120.305432,中山路底北港觀光大橋引道／水道頭文化園區旁,周邊設施/視站點所在園區而定,周邊設施/視站點所在園區而定,提供車款: 智慧自行車 / 電動輔助車 | 租借方式: APP掃碼 / 電子票證,24小時營運 (APP/電子票證租借),紅金相間巨型拱橋跨越北港溪，鄰近北港朝天宮老街與水道頭文化園區。,"觀光大橋,朝天宮老街,遊客中心","https://www.google.com/maps/search/?api=1&query=23.565891,120.305432",
YL-BG-003,MOOVO自行車租借站,北港鎮,中國醫藥大學北港附設醫院(媽祖醫院),機關醫療,23.578912,120.301234,新德路123號（媽祖醫院大門口）,周邊設施/視站點所在園區而定,周邊設施/視站點所在園區而定,提供車款: 智慧自行車 / 電動輔助車 | 租借方式: APP掃碼 / 電子票證,24小時營運 (APP/電子票證租借),雲林沿海地區重要醫療重鎮，提供病友與醫護便民接駁。,"沿海醫療,長照就醫,無障礙便民","https://www.google.com/maps/search/?api=1&query=23.578912,120.301234",
YL-BG-004,MOOVO自行車租借站,北港鎮,北港文化中心,學校文教,23.573412,120.298765,公園路66號（北港文化中心前庭）,周邊設施/視站點所在園區而定,周邊設施/視站點所在園區而定,提供車款: 智慧自行車 / 電動輔助車 | 租借方式: APP掃碼 / 電子票證,24小時營運 (APP/電子票證租借),北港藝文展覽與傳統工藝推廣重鎮，展示北港百年陣頭與宗教工藝歷史。,"藝文展演,傳統工藝,文化推廣","https://www.google.com/maps/search/?api=1&query=23.573412,120.298765",
YL-TK-001,MOOVO自行車租借站,土庫鎮,土庫順天宮,宗教社區,23.693124,120.362145,中正路109號（土庫老街順天宮媽祖廟前）,周邊設施/視站點所在園區而定,周邊設施/視站點所在園區而定,提供車款: 智慧自行車 / 電動輔助車 | 租借方式: APP掃碼 / 電子票證,24小時營運 (APP/電子票證租借),歷史悠久的土庫塗褲媽祖廟，座落於土庫老街核心，周邊鴨肉麵線等古早味雲集。,"老街信仰,百年古廟,地方美食","https://www.google.com/maps/search/?api=1&query=23.693124,120.362145",
YL-TK-002,MOOVO自行車租借站,土庫鎮,土庫鎮公所,機關醫療,23.690876,120.360123,石廟里中正路1號（土庫鎮公所大門旁）,周邊設施/視站點所在園區而定,周邊設施/視站點所在園區而定,提供車款: 智慧自行車 / 電動輔助車 | 租借方式: APP掃碼 / 電子票證,24小時營運 (APP/電子票證租借),土庫鎮行政中心，鄰近土庫國小與長青公園，民眾洽公與運動便利站點。,"行政機關,便民服務,鎮立園區","https://www.google.com/maps/search/?api=1&query=23.690876,120.360123",
YL-KH-001,MOOVO自行車租借站,口湖鄉,口湖遊客中心,觀光休閒,23.582145,120.174321,光明路163號（雲嘉南濱海國家風景區口湖遊客中心）,周邊設施/視站點所在園區而定,周邊設施/視站點所在園區而定,提供車款: 智慧自行車 / 電動輔助車 | 租借方式: APP掃碼 / 電子票證,24小時營運 (APP/電子票證租借),雲嘉南國家風景區沿海旅遊重要樞紐，提供在地農特產展示與自行車補給站服務。,"國家風景區,濱海旅遊,觀光驛站","https://www.google.com/maps/search/?api=1&query=23.582145,120.174321",
YL-KH-002,MOOVO自行車租借站,口湖鄉,湖口濕地(椬梧滯洪池),觀光休閒,23.568765,120.165432,椬梧滯洪池景觀環湖步道旁,周邊設施/視站點所在園區而定,周邊設施/視站點所在園區而定,提供車款: 智慧自行車 / 電動輔助車 | 租借方式: APP掃碼 / 電子票證,24小時營運 (APP/電子票證租借),譽為「雲林版小日月潭」，水色倒映靜謐絕美，環湖自行車道平緩舒適。,"雲林小日月潭,環湖秘境,賞鳥濕地","https://www.google.com/maps/search/?api=1&query=23.568765,120.165432",
YL-SLN-001,MOOVO自行車租借站,水林鄉,顏思齊故事館 / 水林鄉公所,學校文教,23.571432,120.245678,水林路水林鄉公所／顏思齊開台故事館旁,周邊設施/視站點所在園區而定,周邊設施/視站點所在園區而定,提供車款: 智慧自行車 / 電動輔助車 | 租借方式: APP掃碼 / 電子票證,24小時營運 (APP/電子票證租借),探訪「開台第一鄉」顏思齊拓墾史蹟，水林鄉公所與文化景點核心接駁點。,"開台第一鄉,歷史人文,鄉政中心","https://www.google.com/maps/search/?api=1&query=23.571432,120.245678",
YL-SLN-002,MOOVO自行車租借站,水林鄉,水林通天府,宗教社區,23.568912,120.248123,水北村水林路通天府廣場旁,周邊設施/視站點所在園區而定,周邊設施/視站點所在園區而定,提供車款: 智慧自行車 / 電動輔助車 | 租借方式: APP掃碼 / 電子票證,24小時營運 (APP/電子票證租借),水林主要信仰中心之一，深入水林在地鄉村風光與番薯特產聚落最佳起點。,"在地信仰,農村漫遊,特產商圈","https://www.google.com/maps/search/?api=1&query=23.568912,120.248123",
YL-GK-001,MOOVO自行車租借站,古坑鄉,古坑綠色隧道公園,觀光休閒,23.662145,120.548971,湳仔村湳仔綠色隧道公園入口,周邊設施/視站點所在園區而定,周邊設施/視站點所在園區而定,提供車款: 智慧自行車 / 電動輔助車 | 租借方式: APP掃碼 / 電子票證,24小時營運 (APP/電子票證租借),雲林超人氣林蔭大道，兩側芒果樹綠意盎然，假日農夫市集與單車漫遊必訪首選。,"綠色隧道,林蔭大道,假日市集","https://www.google.com/maps/search/?api=1&query=23.662145,120.548971",
POL-YL-001,派出所/鐵馬驛站,斗六市,斗六派出所 (鐵馬驛站),斗六分局,23.712154,120.544123,雲林縣斗六市文化路36號,提供 (24H免費冷溫熱飲水機),提供 (24H公用洗手間),提供打氣筒、簡易維修工具與急救箱,24小時全年無休,雲林縣警局斗六分局斗六派出所鐵馬驛站，提供24H水廁與車友打氣支援。,,"https://www.google.com/maps/search/?api=1&query=23.712154,120.544123","24H水廁,冷熱飲水,打氣補胎,斗六市"
POL-YL-002,派出所/鐵馬驛站,斗六市,公正派出所 (鐵馬驛站),斗六分局,23.715678,120.538912,雲林縣斗六市公正路132號,提供 (24H免費冷溫熱飲水機),提供 (24H公用洗手間),提供打氣筒、簡易維修工具與急救箱,24小時全年無休,雲林縣警局斗六分局公正派出所鐵馬驛站，提供24H水廁與車友打氣支援。,,"https://www.google.com/maps/search/?api=1&query=23.715678,120.538912","24H水廁,冷熱飲水,打氣補胎,斗六市"
POL-YL-003,派出所/鐵馬驛站,斗六市,溝埧派出所 (鐵馬驛站),斗六分局,23.673891,120.537612,雲林縣斗六市溝埧里仁義路89-16號,提供 (24H免費冷溫熱飲水機),提供 (24H公用洗手間),提供打氣筒、簡易維修工具與急救箱,24小時全年無休,雲林縣警局斗六分局溝埧派出所鐵馬驛站，提供24H水廁與車友打氣支援。,,"https://www.google.com/maps/search/?api=1&query=23.673891,120.537612","24H水廁,冷熱飲水,打氣補胎,斗六市"
POL-YL-004,派出所/鐵馬驛站,斗六市,榴中派出所 (鐵馬驛站),斗六分局,23.731456,120.578912,雲林縣斗六市石榴路222號,提供 (24H免費冷溫熱飲水機),提供 (24H公用洗手間),提供打氣筒、簡易維修工具與急救箱,24小時全年無休,雲林縣警局斗六分局榴中派出所鐵馬驛站，提供24H水廁與車友打氣支援。,,"https://www.google.com/maps/search/?api=1&query=23.731456,120.578912","24H水廁,冷熱飲水,打氣補胎,斗六市"
POL-YL-005,派出所/鐵馬驛站,斗六市,長安派出所 (鐵馬驛站),斗六分局,23.742145,120.528765,雲林縣斗六市長安里長安路100號,提供 (24H免費冷溫熱飲水機),提供 (24H公用洗手間),提供打氣筒、簡易維修工具與急救箱,24小時全年無休,雲林縣警局斗六分局長安派出所鐵馬驛站，提供24H水廁與車友打氣支援。,,"https://www.google.com/maps/search/?api=1&query=23.742145,120.528765","24H水廁,冷熱飲水,打氣補胎,斗六市"
POL-YL-006,派出所/鐵馬驛站,斗六市,長平派出所 (鐵馬驛站),斗六分局,23.725678,120.551234,雲林縣斗六市長平里長平路168號,提供 (24H免費冷溫熱飲水機),提供 (24H公用洗手間),提供打氣筒、簡易維修工具與急救箱,24小時全年無休,雲林縣警局斗六分局長平派出所鐵馬驛站，提供24H水廁與車友打氣支援。,,"https://www.google.com/maps/search/?api=1&query=23.725678,120.551234","24H水廁,冷熱飲水,打氣補胎,斗六市"
POL-YL-007,派出所/鐵馬驛站,斗六市,梅林派出所 (鐵馬驛站),斗六分局,23.698712,120.585678,雲林縣斗六市梅林路150號,提供 (24H免費冷溫熱飲水機),提供 (24H公用洗手間),提供打氣筒、簡易維修工具與急救箱,24小時全年無休,雲林縣警局斗六分局梅林派出所鐵馬驛站，提供24H水廁與車友打氣支援。,,"https://www.google.com/maps/search/?api=1&query=23.698712,120.585678","24H水廁,冷熱飲水,打氣補胎,斗六市"
POL-YL-008,派出所/鐵馬驛站,林內鄉,林內分駐所 (鐵馬驛站),斗六分局,23.758912,120.614532,雲林縣林內鄉中山路1號,提供 (24H免費冷溫熱飲水機),提供 (24H公用洗手間),提供打氣筒、簡易維修工具與急救箱,24小時全年無休,雲林縣警局斗六分局林內分駐所鐵馬驛站，提供24H水廁與車友打氣支援。,,"https://www.google.com/maps/search/?api=1&query=23.758912,120.614532","24H水廁,冷熱飲水,打氣補胎,林內鄉"
POL-YL-009,派出所/鐵馬驛站,林內鄉,重興派出所 (鐵馬驛站),斗六分局,23.745678,120.601234,雲林縣林內鄉重興村中興路118號,提供 (24H免費冷溫熱飲水機),提供 (24H公用洗手間),提供打氣筒、簡易維修工具與急救箱,24小時全年無休,雲林縣警局斗六分局重興派出所鐵馬驛站，提供24H水廁與車友打氣支援。,,"https://www.google.com/maps/search/?api=1&query=23.745678,120.601234","24H水廁,冷熱飲水,打氣補胎,林內鄉"
POL-YL-010,派出所/鐵馬驛站,林內鄉,坪頂派出所 (鐵馬驛站),斗六分局,23.765432,120.648765,雲林縣林內鄉坪頂村坪頂路65號,提供 (24H免費冷溫熱飲水機),提供 (24H公用洗手間),提供打氣筒、簡易維修工具與急救箱,24小時全年無休,雲林縣警局斗六分局坪頂派出所鐵馬驛站，提供24H水廁與車友打氣支援。,,"https://www.google.com/maps/search/?api=1&query=23.765432,120.648765","24H水廁,冷熱飲水,打氣補胎,林內鄉"
POL-YL-011,派出所/鐵馬驛站,莿桐鄉,莿桐分駐所 (鐵馬驛站),斗六分局,23.760123,120.531245,雲林縣莿桐鄉中正路138號,提供 (24H免費冷溫熱飲水機),提供 (24H公用洗手間),提供打氣筒、簡易維修工具與急救箱,24小時全年無休,雲林縣警局斗六分局莿桐分駐所鐵馬驛站，提供24H水廁與車友打氣支援。,,"https://www.google.com/maps/search/?api=1&query=23.760123,120.531245","24H水廁,冷熱飲水,打氣補胎,莿桐鄉"
POL-YL-012,派出所/鐵馬驛站,莿桐鄉,饒平派出所 (鐵馬驛站),斗六分局,23.778912,120.561234,雲林縣莿桐鄉饒平村饒平路59號,提供 (24H免費冷溫熱飲水機),提供 (24H公用洗手間),提供打氣筒、簡易維修工具與急救箱,24小時全年無休,雲林縣警局斗六分局饒平派出所鐵馬驛站，提供24H水廁與車友打氣支援。,,"https://www.google.com/maps/search/?api=1&query=23.778912,120.561234","24H水廁,冷熱飲水,打氣補胎,莿桐鄉"
POL-YL-013,派出所/鐵馬驛站,斗南鎮,斗南派出所 (鐵馬驛站),斗南分局,23.678912,120.482145,雲林縣斗南鎮延平路一段168號,提供 (24H免費冷溫熱飲水機),提供 (24H公用洗手間),提供打氣筒、簡易維修工具與急救箱,24小時全年無休,雲林縣警局斗南分局斗南派出所鐵馬驛站，提供24H水廁與車友打氣支援。,,"https://www.google.com/maps/search/?api=1&query=23.678912,120.482145","24H水廁,冷熱飲水,打氣補胎,斗南鎮"
POL-YL-014,派出所/鐵馬驛站,斗南鎮,新光派出所 (鐵馬驛站),斗南分局,23.701234,120.495612,雲林縣斗南鎮延平路三段120號,提供 (24H免費冷溫熱飲水機),提供 (24H公用洗手間),提供打氣筒、簡易維修工具與急救箱,24小時全年無休,雲林縣警局斗南分局新光派出所鐵馬驛站，提供24H水廁與車友打氣支援。,,"https://www.google.com/maps/search/?api=1&query=23.701234,120.495612","24H水廁,冷熱飲水,打氣補胎,斗南鎮"
POL-YL-015,派出所/鐵馬驛站,斗南鎮,四維派出所 (鐵馬驛站),斗南分局,23.665432,120.472145,雲林縣斗南鎮四維路125號,提供 (24H免費冷溫熱飲水機),提供 (24H公用洗手間),提供打氣筒、簡易維修工具與急救箱,24小時全年無休,雲林縣警局斗南分局四維派出所鐵馬驛站，提供24H水廁與車友打氣支援。,,"https://www.google.com/maps/search/?api=1&query=23.665432,120.472145","24H水廁,冷熱飲水,打氣補胎,斗南鎮"
POL-YL-016,派出所/鐵馬驛站,斗南鎮,建國派出所 (鐵馬驛站),斗南分局,23.678123,120.458912,雲林縣斗南鎮阿丹里建國三路1號,提供 (24H免費冷溫熱飲水機),提供 (24H公用洗手間),提供打氣筒、簡易維修工具與急救箱,24小時全年無休,雲林縣警局斗南分局建國派出所鐵馬驛站，提供24H水廁與車友打氣支援。,,"https://www.google.com/maps/search/?api=1&query=23.678123,120.458912","24H水廁,冷熱飲水,打氣補胎,斗南鎮"
POL-YL-017,派出所/鐵馬驛站,斗南鎮,新崙派出所 (鐵馬驛站),斗南分局,23.691234,120.478912,雲林縣斗南鎮埤麻里新崙路85號,提供 (24H免費冷溫熱飲水機),提供 (24H公用洗手間),提供打氣筒、簡易維修工具與急救箱,24小時全年無休,雲林縣警局斗南分局新崙派出所鐵馬驛站，提供24H水廁與車友打氣支援。,,"https://www.google.com/maps/search/?api=1&query=23.691234,120.478912","24H水廁,冷熱飲水,打氣補胎,斗南鎮"
POL-YL-018,派出所/鐵馬驛站,古坑鄉,古坑分駐所 (鐵馬驛站),斗南分局,23.644123,120.561234,雲林縣古坑鄉中山路132號,提供 (24H免費冷溫熱飲水機),提供 (24H公用洗手間),提供打氣筒、簡易維修工具與急救箱,24小時全年無休,雲林縣警局斗南分局古坑分駐所鐵馬驛站，提供24H水廁與車友打氣支援。,,"https://www.google.com/maps/search/?api=1&query=23.644123,120.561234","24H水廁,冷熱飲水,打氣補胎,古坑鄉"
POL-YL-019,派出所/鐵馬驛站,古坑鄉,永光派出所 (鐵馬驛站),斗南分局,23.619812,120.568912,雲林縣古坑鄉永光村光興路2號,提供 (24H免費冷溫熱飲水機),提供 (24H公用洗手間),提供打氣筒、簡易維修工具與急救箱,24小時全年無休,雲林縣警局斗南分局永光派出所鐵馬驛站，提供24H水廁與車友打氣支援。,,"https://www.google.com/maps/search/?api=1&query=23.619812,120.568912","24H水廁,冷熱飲水,打氣補胎,古坑鄉"
POL-YL-020,派出所/鐵馬驛站,古坑鄉,華山派出所 (鐵馬驛站),斗南分局,23.593214,120.596871,雲林縣古坑鄉華山村華山50號,提供 (24H免費冷溫熱飲水機),提供 (24H公用洗手間),提供打氣筒、簡易維修工具與急救箱,24小時全年無休,雲林縣警局斗南分局華山派出所鐵馬驛站，提供24H水廁與車友打氣支援。,,"https://www.google.com/maps/search/?api=1&query=23.593214,120.596871","24H水廁,冷熱飲水,打氣補胎,古坑鄉"
POL-YL-021,派出所/鐵馬驛站,古坑鄉,樟湖派出所 (鐵馬驛站),斗南分局,23.608765,120.638912,雲林縣古坑鄉樟湖村石橋50號,提供 (24H免費冷溫熱飲水機),提供 (24H公用洗手間),提供打氣筒、簡易維修工具與急救箱,24小時全年無休,雲林縣警局斗南分局樟湖派出所鐵馬驛站，提供24H水廁與車友打氣支援。,,"https://www.google.com/maps/search/?api=1&query=23.608765,120.638912","24H水廁,冷熱飲水,打氣補胎,古坑鄉"
POL-YL-022,派出所/鐵馬驛站,古坑鄉,草嶺派出所 (鐵馬驛站),斗南分局,23.598712,120.695432,雲林縣古坑鄉草嶺村草嶺40號,提供 (24H免費冷溫熱飲水機),提供 (24H公用洗手間),提供打氣筒、簡易維修工具與急救箱,24小時全年無休,雲林縣警局斗南分局草嶺派出所鐵馬驛站，提供24H水廁與車友打氣支援。,,"https://www.google.com/maps/search/?api=1&query=23.598712,120.695432","24H水廁,冷熱飲水,打氣補胎,古坑鄉"
POL-YL-023,派出所/鐵馬驛站,古坑鄉,東和派出所 (鐵馬驛站),斗南分局,23.635678,120.578912,雲林縣古坑鄉東和村文化路10號,提供 (24H免費冷溫熱飲水機),提供 (24H公用洗手間),提供打氣筒、簡易維修工具與急救箱,24小時全年無休,雲林縣警局斗南分局東和派出所鐵馬驛站，提供24H水廁與車友打氣支援。,,"https://www.google.com/maps/search/?api=1&query=23.635678,120.578912","24H水廁,冷熱飲水,打氣補胎,古坑鄉"
POL-YL-024,派出所/鐵馬驛站,大埤鄉,大埤分駐所 (鐵馬驛站),斗南分局,23.645123,120.431245,雲林縣大埤鄉南門街32號,提供 (24H免費冷溫熱飲水機),提供 (24H公用洗手間),提供打氣筒、簡易維修工具與急救箱,24小時全年無休,雲林縣警局斗南分局大埤分駐所鐵馬驛站，提供24H水廁與車友打氣支援。,,"https://www.google.com/maps/search/?api=1&query=23.645123,120.431245","24H水廁,冷熱飲水,打氣補胎,大埤鄉"
POL-YL-025,派出所/鐵馬驛站,大埤鄉,怡美派出所 (鐵馬驛站),斗南分局,23.638912,120.401234,雲林縣大埤鄉怡中村吉田路1號,提供 (24H免費冷溫熱飲水機),提供 (24H公用洗手間),提供打氣筒、簡易維修工具與急救箱,24小時全年無休,雲林縣警局斗南分局怡美派出所鐵馬驛站，提供24H水廁與車友打氣支援。,,"https://www.google.com/maps/search/?api=1&query=23.638912,120.401234","24H水廁,冷熱飲水,打氣補胎,大埤鄉"
POL-YL-026,派出所/鐵馬驛站,虎尾鎮,虎尾派出所 (鐵馬驛站),虎尾分局,23.708123,120.432145,雲林縣虎尾鎮光明路86號,提供 (24H免費冷溫熱飲水機),提供 (24H公用洗手間),提供打氣筒、簡易維修工具與急救箱,24小時全年無休,雲林縣警局虎尾分局虎尾派出所鐵馬驛站，提供24H水廁與車友打氣支援。,,"https://www.google.com/maps/search/?api=1&query=23.708123,120.432145","24H水廁,冷熱飲水,打氣補胎,虎尾鎮"
POL-YL-027,派出所/鐵馬驛站,虎尾鎮,埒內派出所 (鐵馬驛站),虎尾分局,23.723145,120.448912,雲林縣虎尾鎮埒內45號,提供 (24H免費冷溫熱飲水機),提供 (24H公用洗手間),提供打氣筒、簡易維修工具與急救箱,24小時全年無休,雲林縣警局虎尾分局埒內派出所鐵馬驛站，提供24H水廁與車友打氣支援。,,"https://www.google.com/maps/search/?api=1&query=23.723145,120.448912","24H水廁,冷熱飲水,打氣補胎,虎尾鎮"
POL-YL-028,派出所/鐵馬驛站,虎尾鎮,惠來派出所 (鐵馬驛站),虎尾分局,23.738912,120.485612,雲林縣虎尾鎮惠來里惠來112號,提供 (24H免費冷溫熱飲水機),提供 (24H公用洗手間),提供打氣筒、簡易維修工具與急救箱,24小時全年無休,雲林縣警局虎尾分局惠來派出所鐵馬驛站，提供24H水廁與車友打氣支援。,,"https://www.google.com/maps/search/?api=1&query=23.738912,120.485612","24H水廁,冷熱飲水,打氣補胎,虎尾鎮"
POL-YL-029,派出所/鐵馬驛站,虎尾鎮,大屯派出所 (鐵馬驛站),虎尾分局,23.689123,120.415678,雲林縣虎尾鎮東屯里大屯18號,提供 (24H免費冷溫熱飲水機),提供 (24H公用洗手間),提供打氣筒、簡易維修工具與急救箱,24小時全年無休,雲林縣警局虎尾分局大屯派出所鐵馬驛站，提供24H水廁與車友打氣支援。,,"https://www.google.com/maps/search/?api=1&query=23.689123,120.415678","24H水廁,冷熱飲水,打氣補胎,虎尾鎮"
POL-YL-030,派出所/鐵馬驛站,土庫鎮,土庫分駐所 (鐵馬驛站),虎尾分局,23.692145,120.361234,雲林縣土庫鎮中正路150號,提供 (24H免費冷溫熱飲水機),提供 (24H公用洗手間),提供打氣筒、簡易維修工具與急救箱,24小時全年無休,雲林縣警局虎尾分局土庫分駐所鐵馬驛站，提供24H水廁與車友打氣支援。,,"https://www.google.com/maps/search/?api=1&query=23.692145,120.361234","24H水廁,冷熱飲水,打氣補胎,土庫鎮"
POL-YL-031,派出所/鐵馬驛站,土庫鎮,秀潭派出所 (鐵馬驛站),虎尾分局,23.664512,120.351234,雲林縣土庫鎮秀潭里秀潭70號,提供 (24H免費冷溫熱飲水機),提供 (24H公用洗手間),提供打氣筒、簡易維修工具與急救箱,24小時全年無休,雲林縣警局虎尾分局秀潭派出所鐵馬驛站，提供24H水廁與車友打氣支援。,,"https://www.google.com/maps/search/?api=1&query=23.664512,120.351234","24H水廁,冷熱飲水,打氣補胎,土庫鎮"
POL-YL-032,派出所/鐵馬驛站,土庫鎮,馬光派出所 (鐵馬驛站),虎尾分局,23.675678,120.321234,雲林縣土庫鎮馬光路120號,提供 (24H免費冷溫熱飲水機),提供 (24H公用洗手間),提供打氣筒、簡易維修工具與急救箱,24小時全年無休,雲林縣警局虎尾分局馬光派出所鐵馬驛站，提供24H水廁與車友打氣支援。,,"https://www.google.com/maps/search/?api=1&query=23.675678,120.321234","24H水廁,冷熱飲水,打氣補胎,土庫鎮"
POL-YL-033,派出所/鐵馬驛站,褒忠鄉,褒忠分駐所 (鐵馬驛站),虎尾分局,23.694512,120.311234,雲林縣褒忠鄉中勝路58號,提供 (24H免費冷溫熱飲水機),提供 (24H公用洗手間),提供打氣筒、簡易維修工具與急救箱,24小時全年無休,雲林縣警局虎尾分局褒忠分駐所鐵馬驛站，提供24H水廁與車友打氣支援。,,"https://www.google.com/maps/search/?api=1&query=23.694512,120.311234","24H水廁,冷熱飲水,打氣補胎,褒忠鄉"
POL-YL-034,派出所/鐵馬驛站,褒忠鄉,龍巖派出所 (鐵馬驛站),虎尾分局,23.721245,120.298765,雲林縣褒忠鄉龍巖村龍巖125號,提供 (24H免費冷溫熱飲水機),提供 (24H公用洗手間),提供打氣筒、簡易維修工具與急救箱,24小時全年無休,雲林縣警局虎尾分局龍巖派出所鐵馬驛站，提供24H水廁與車友打氣支援。,,"https://www.google.com/maps/search/?api=1&query=23.721245,120.298765","24H水廁,冷熱飲水,打氣補胎,褒忠鄉"
POL-YL-035,派出所/鐵馬驛站,元長鄉,元長分駐所 (鐵馬驛站),虎尾分局,23.648912,120.315678,雲林縣元長鄉元長村中山路48號,提供 (24H免費冷溫熱飲水機),提供 (24H公用洗手間),提供打氣筒、簡易維修工具與急救箱,24小時全年無休,雲林縣警局虎尾分局元長分駐所鐵馬驛站，提供24H水廁與車友打氣支援。,,"https://www.google.com/maps/search/?api=1&query=23.648912,120.315678","24H水廁,冷熱飲水,打氣補胎,元長鄉"
POL-YL-036,派出所/鐵馬驛站,元長鄉,鹿寮派出所 (鐵馬驛站),虎尾分局,23.628912,120.334512,雲林縣元長鄉鹿寮村鹿寮路35號,提供 (24H免費冷溫熱飲水機),提供 (24H公用洗手間),提供打氣筒、簡易維修工具與急救箱,24小時全年無休,雲林縣警局虎尾分局鹿寮派出所鐵馬驛站，提供24H水廁與車友打氣支援。,,"https://www.google.com/maps/search/?api=1&query=23.628912,120.334512","24H水廁,冷熱飲水,打氣補胎,元長鄉"
POL-YL-037,派出所/鐵馬驛站,元長鄉,客厝派出所 (鐵馬驛站),虎尾分局,23.621234,120.285612,雲林縣元長鄉客厝村客厝路50號,提供 (24H免費冷溫熱飲水機),提供 (24H公用洗手間),提供打氣筒、簡易維修工具與急救箱,24小時全年無休,雲林縣警局虎尾分局客厝派出所鐵馬驛站，提供24H水廁與車友打氣支援。,,"https://www.google.com/maps/search/?api=1&query=23.621234,120.285612","24H水廁,冷熱飲水,打氣補胎,元長鄉"
POL-YL-038,派出所/鐵馬驛站,西螺鎮,西螺派出所 (鐵馬驛站),西螺分局,23.801234,120.463412,雲林縣西螺鎮延平路102號,提供 (24H免費冷溫熱飲水機),提供 (24H公用洗手間),提供打氣筒、簡易維修工具與急救箱,24小時全年無休,雲林縣警局西螺分局西螺派出所鐵馬驛站，提供24H水廁與車友打氣支援。,,"https://www.google.com/maps/search/?api=1&query=23.801234,120.463412","24H水廁,冷熱飲水,打氣補胎,西螺鎮"
POL-YL-039,派出所/鐵馬驛站,西螺鎮,和心派出所 (鐵馬驛站),西螺分局,23.771234,120.448912,雲林縣西螺鎮安定里市後18號,提供 (24H免費冷溫熱飲水機),提供 (24H公用洗手間),提供打氣筒、簡易維修工具與急救箱,24小時全年無休,雲林縣警局西螺分局和心派出所鐵馬驛站，提供24H水廁與車友打氣支援。,,"https://www.google.com/maps/search/?api=1&query=23.771234,120.448912","24H水廁,冷熱飲水,打氣補胎,西螺鎮"
POL-YL-040,派出所/鐵馬驛站,西螺鎮,埤源派出所 (鐵馬驛站),西螺分局,23.784512,120.485614,雲林縣西螺鎮埤頭里埤頭75號,提供 (24H免費冷溫熱飲水機),提供 (24H公用洗手間),提供打氣筒、簡易維修工具與急救箱,24小時全年無休,雲林縣警局西螺分局埤源派出所鐵馬驛站，提供24H水廁與車友打氣支援。,,"https://www.google.com/maps/search/?api=1&query=23.784512,120.485614","24H水廁,冷熱飲水,打氣補胎,西螺鎮"
POL-YL-041,派出所/鐵馬驛站,西螺鎮,吳厝派出所 (鐵馬驛站),西螺分局,23.754123,120.435678,雲林縣西螺鎮吳厝里吳厝68號,提供 (24H免費冷溫熱飲水機),提供 (24H公用洗手間),提供打氣筒、簡易維修工具與急救箱,24小時全年無休,雲林縣警局西螺分局吳厝派出所鐵馬驛站，提供24H水廁與車友打氣支援。,,"https://www.google.com/maps/search/?api=1&query=23.754123,120.435678","24H水廁,冷熱飲水,打氣補胎,西螺鎮"
POL-YL-042,派出所/鐵馬驛站,二崙鄉,二崙分駐所 (鐵馬驛站),西螺分局,23.771234,120.415678,雲林縣二崙鄉崙西村中興路3號,提供 (24H免費冷溫熱飲水機),提供 (24H公用洗手間),提供打氣筒、簡易維修工具與急救箱,24小時全年無休,雲林縣警局西螺分局二崙分駐所鐵馬驛站，提供24H水廁與車友打氣支援。,,"https://www.google.com/maps/search/?api=1&query=23.771234,120.415678","24H水廁,冷熱飲水,打氣補胎,二崙鄉"
POL-YL-043,派出所/鐵馬驛站,二崙鄉,油車派出所 (鐵馬驛站),西螺分局,23.788912,120.381234,雲林縣二崙鄉油車村文化路58號,提供 (24H免費冷溫熱飲水機),提供 (24H公用洗手間),提供打氣筒、簡易維修工具與急救箱,24小時全年無休,雲林縣警局西螺分局油車派出所鐵馬驛站，提供24H水廁與車友打氣支援。,,"https://www.google.com/maps/search/?api=1&query=23.788912,120.381234","24H水廁,冷熱飲水,打氣補胎,二崙鄉"
POL-YL-044,派出所/鐵馬驛站,二崙鄉,永定派出所 (鐵馬驛站),西螺分局,23.791234,120.395678,雲林縣二崙鄉永定村永定路125號,提供 (24H免費冷溫熱飲水機),提供 (24H公用洗手間),提供打氣筒、簡易維修工具與急救箱,24小時全年無休,雲林縣警局西螺分局永定派出所鐵馬驛站，提供24H水廁與車友打氣支援。,,"https://www.google.com/maps/search/?api=1&query=23.791234,120.395678","24H水廁,冷熱飲水,打氣補胎,二崙鄉"
POL-YL-045,派出所/鐵馬驛站,崙背鄉,崙背分駐所 (鐵馬驛站),西螺分局,23.759812,120.354123,雲林縣崙背鄉民權路114號,提供 (24H免費冷溫熱飲水機),提供 (24H公用洗手間),提供打氣筒、簡易維修工具與急救箱,24小時全年無休,雲林縣警局西螺分局崙背分駐所鐵馬驛站，提供24H水廁與車友打氣支援。,,"https://www.google.com/maps/search/?api=1&query=23.759812,120.354123","24H水廁,冷熱飲水,打氣補胎,崙背鄉"
POL-YL-046,派出所/鐵馬驛站,崙背鄉,豐榮派出所 (鐵馬驛站),西螺分局,23.778912,120.311234,雲林縣崙背鄉豐榮村豐榮118號,提供 (24H免費冷溫熱飲水機),提供 (24H公用洗手間),提供打氣筒、簡易維修工具與急救箱,24小時全年無休,雲林縣警局西螺分局豐榮派出所鐵馬驛站，提供24H水廁與車友打氣支援。,,"https://www.google.com/maps/search/?api=1&query=23.778912,120.311234","24H水廁,冷熱飲水,打氣補胎,崙背鄉"
POL-YL-047,派出所/鐵馬驛站,北港鎮,北港派出所 (鐵馬驛站),北港分局,23.568123,120.304512,雲林縣北港鎮民主路137號,提供 (24H免費冷溫熱飲水機),提供 (24H公用洗手間),提供打氣筒、簡易維修工具與急救箱,24小時全年無休,雲林縣警局北港分局北港派出所鐵馬驛站，提供24H水廁與車友打氣支援。,,"https://www.google.com/maps/search/?api=1&query=23.568123,120.304512","24H水廁,冷熱飲水,打氣補胎,北港鎮"
POL-YL-048,派出所/鐵馬驛站,北港鎮,北辰派出所 (鐵馬驛站),北港分局,23.578912,120.306781,雲林縣北港鎮華勝路212號,提供 (24H免費冷溫熱飲水機),提供 (24H公用洗手間),提供打氣筒、簡易維修工具與急救箱,24小時全年無休,雲林縣警局北港分局北辰派出所鐵馬驛站，提供24H水廁與車友打氣支援。,,"https://www.google.com/maps/search/?api=1&query=23.578912,120.306781","24H水廁,冷熱飲水,打氣補胎,北港鎮"
POL-YL-049,派出所/鐵馬驛站,北港鎮,好收派出所 (鐵馬驛站),北港分局,23.596781,120.273412,雲林縣北港鎮好收里好收路23號,提供 (24H免費冷溫熱飲水機),提供 (24H公用洗手間),提供打氣筒、簡易維修工具與急救箱,24小時全年無休,雲林縣警局北港分局好收派出所鐵馬驛站，提供24H水廁與車友打氣支援。,,"https://www.google.com/maps/search/?api=1&query=23.596781,120.273412","24H水廁,冷熱飲水,打氣補胎,北港鎮"
POL-YL-050,派出所/鐵馬驛站,水林鄉,水林分駐所 (鐵馬驛站),北港分局,23.571432,120.245678,雲林縣水林鄉水林路25號,提供 (24H免費冷溫熱飲水機),提供 (24H公用洗手間),提供打氣筒、簡易維修工具與急救箱,24小時全年無休,雲林縣警局北港分局水林分駐所鐵馬驛站，提供24H水廁與車友打氣支援。,,"https://www.google.com/maps/search/?api=1&query=23.571432,120.245678","24H水廁,冷熱飲水,打氣補胎,水林鄉"
POL-YL-051,派出所/鐵馬驛站,水林鄉,宏仁派出所 (鐵馬驛站),北港分局,23.593412,120.218765,雲林縣水林鄉蘇秦村蘇秦12號,提供 (24H免費冷溫熱飲水機),提供 (24H公用洗手間),提供打氣筒、簡易維修工具與急救箱,24小時全年無休,雲林縣警局北港分局宏仁派出所鐵馬驛站，提供24H水廁與車友打氣支援。,,"https://www.google.com/maps/search/?api=1&query=23.593412,120.218765","24H水廁,冷熱飲水,打氣補胎,水林鄉"
POL-YL-052,派出所/鐵馬驛站,水林鄉,蔦松派出所 (鐵馬驛站),北港分局,23.538912,120.215678,雲林縣水林鄉松北村蔦松路150號,提供 (24H免費冷溫熱飲水機),提供 (24H公用洗手間),提供打氣筒、簡易維修工具與急救箱,24小時全年無休,雲林縣警局北港分局蔦松派出所鐵馬驛站，提供24H水廁與車友打氣支援。,,"https://www.google.com/maps/search/?api=1&query=23.538912,120.215678","24H水廁,冷熱飲水,打氣補胎,水林鄉"
POL-YL-053,派出所/鐵馬驛站,水林鄉,土厝派出所 (鐵馬驛站),北港分局,23.556781,120.231234,雲林縣水林鄉土厝村土厝路88號,提供 (24H免費冷溫熱飲水機),提供 (24H公用洗手間),提供打氣筒、簡易維修工具與急救箱,24小時全年無休,雲林縣警局北港分局土厝派出所鐵馬驛站，提供24H水廁與車友打氣支援。,,"https://www.google.com/maps/search/?api=1&query=23.556781,120.231234","24H水廁,冷熱飲水,打氣補胎,水林鄉"
POL-YL-054,派出所/鐵馬驛站,口湖鄉,口湖分駐所 (鐵馬驛站),北港分局,23.581234,120.188765,雲林縣口湖鄉口湖路104號,提供 (24H免費冷溫熱飲水機),提供 (24H公用洗手間),提供打氣筒、簡易維修工具與急救箱,24小時全年無休,雲林縣警局北港分局口湖分駐所鐵馬驛站，提供24H水廁與車友打氣支援。,,"https://www.google.com/maps/search/?api=1&query=23.581234,120.188765","24H水廁,冷熱飲水,打氣補胎,口湖鄉"
POL-YL-055,派出所/鐵馬驛站,口湖鄉,金湖派出所 (鐵馬驛站),北港分局,23.608912,120.158765,雲林縣口湖鄉港東街105號,提供 (24H免費冷溫熱飲水機),提供 (24H公用洗手間),提供打氣筒、簡易維修工具與急救箱,24小時全年無休,雲林縣警局北港分局金湖派出所鐵馬驛站，提供24H水廁與車友打氣支援。,,"https://www.google.com/maps/search/?api=1&query=23.608912,120.158765","24H水廁,冷熱飲水,打氣補胎,口湖鄉"
POL-YL-056,派出所/鐵馬驛站,口湖鄉,下崙派出所 (鐵馬驛站),北港分局,23.625412,120.161234,雲林縣口湖鄉崙中村福安路1號,提供 (24H免費冷溫熱飲水機),提供 (24H公用洗手間),提供打氣筒、簡易維修工具與急救箱,24小時全年無休,雲林縣警局北港分局下崙派出所鐵馬驛站，提供24H水廁與車友打氣支援。,,"https://www.google.com/maps/search/?api=1&query=23.625412,120.161234","24H水廁,冷熱飲水,打氣補胎,口湖鄉"
POL-YL-057,派出所/鐵馬驛站,口湖鄉,椬梧派出所 (鐵馬驛站),北港分局,23.565432,120.168912,雲林縣口湖鄉梧南村文光路20號,提供 (24H免費冷溫熱飲水機),提供 (24H公用洗手間),提供打氣筒、簡易維修工具與急救箱,24小時全年無休,雲林縣警局北港分局椬梧派出所鐵馬驛站，提供24H水廁與車友打氣支援。,,"https://www.google.com/maps/search/?api=1&query=23.565432,120.168912","24H水廁,冷熱飲水,打氣補胎,口湖鄉"
POL-YL-058,派出所/鐵馬驛站,臺西鄉,臺西派出所 (鐵馬驛站),臺西分局,23.702145,120.196543,雲林縣臺西鄉中山路108號,提供 (24H免費冷溫熱飲水機),提供 (24H公用洗手間),提供打氣筒、簡易維修工具與急救箱,24小時全年無休,雲林縣警局臺西分局臺西派出所鐵馬驛站，提供24H水廁與車友打氣支援。,,"https://www.google.com/maps/search/?api=1&query=23.702145,120.196543","24H水廁,冷熱飲水,打氣補胎,臺西鄉"
POL-YL-059,派出所/鐵馬驛站,臺西鄉,海口派出所 (鐵馬驛站),臺西分局,23.705612,120.178912,雲林縣臺西鄉海口路16號,提供 (24H免費冷溫熱飲水機),提供 (24H公用洗手間),提供打氣筒、簡易維修工具與急救箱,24小時全年無休,雲林縣警局臺西分局海口派出所鐵馬驛站，提供24H水廁與車友打氣支援。,,"https://www.google.com/maps/search/?api=1&query=23.705612,120.178912","24H水廁,冷熱飲水,打氣補胎,臺西鄉"
POL-YL-060,派出所/鐵馬驛站,麥寮鄉,麥寮分駐所 (鐵馬驛站),臺西分局,23.748123,120.254123,雲林縣麥寮鄉中正路63號,提供 (24H免費冷溫熱飲水機),提供 (24H公用洗手間),提供打氣筒、簡易維修工具與急救箱,24小時全年無休,雲林縣警局臺西分局麥寮分駐所鐵馬驛站，提供24H水廁與車友打氣支援。,,"https://www.google.com/maps/search/?api=1&query=23.748123,120.254123","24H水廁,冷熱飲水,打氣補胎,麥寮鄉"
POL-YL-061,派出所/鐵馬驛站,麥寮鄉,橋頭派出所 (鐵馬驛站),臺西分局,23.771234,120.251234,雲林縣麥寮鄉橋頭村仁德路12號,提供 (24H免費冷溫熱飲水機),提供 (24H公用洗手間),提供打氣筒、簡易維修工具與急救箱,24小時全年無休,雲林縣警局臺西分局橋頭派出所鐵馬驛站，提供24H水廁與車友打氣支援。,,"https://www.google.com/maps/search/?api=1&query=23.771234,120.251234","24H水廁,冷熱飲水,打氣補胎,麥寮鄉"
POL-YL-062,派出所/鐵馬驛站,麥寮鄉,崙豐派出所 (鐵馬驛站),臺西分局,23.741234,120.208765,雲林縣麥寮鄉崙後村崙後路28號,提供 (24H免費冷溫熱飲水機),提供 (24H公用洗手間),提供打氣筒、簡易維修工具與急救箱,24小時全年無休,雲林縣警局臺西分局崙豐派出所鐵馬驛站，提供24H水廁與車友打氣支援。,,"https://www.google.com/maps/search/?api=1&query=23.741234,120.208765","24H水廁,冷熱飲水,打氣補胎,麥寮鄉"
POL-YL-063,派出所/鐵馬驛站,東勢鄉,東勢分駐所 (鐵馬驛站),臺西分局,23.676543,120.256781,雲林縣東勢鄉東勢東路68號,提供 (24H免費冷溫熱飲水機),提供 (24H公用洗手間),提供打氣筒、簡易維修工具與急救箱,24小時全年無休,雲林縣警局臺西分局東勢分駐所鐵馬驛站，提供24H水廁與車友打氣支援。,,"https://www.google.com/maps/search/?api=1&query=23.676543,120.256781","24H水廁,冷熱飲水,打氣補胎,東勢鄉"
POL-YL-064,派出所/鐵馬驛站,東勢鄉,安南派出所 (鐵馬驛站),臺西分局,23.654123,120.231245,雲林縣東勢鄉安南村安南路52號,提供 (24H免費冷溫熱飲水機),提供 (24H公用洗手間),提供打氣筒、簡易維修工具與急救箱,24小時全年無休,雲林縣警局臺西分局安南派出所鐵馬驛站，提供24H水廁與車友打氣支援。,,"https://www.google.com/maps/search/?api=1&query=23.654123,120.231245","24H水廁,冷熱飲水,打氣補胎,東勢鄉"
POL-YL-065,派出所/鐵馬驛站,四湖鄉,四湖分駐所 (鐵馬驛站),臺西分局,23.637812,120.225678,雲林縣四湖鄉中山路45號,提供 (24H免費冷溫熱飲水機),提供 (24H公用洗手間),提供打氣筒、簡易維修工具與急救箱,24小時全年無休,雲林縣警局臺西分局四湖分駐所鐵馬驛站，提供24H水廁與車友打氣支援。,,"https://www.google.com/maps/search/?api=1&query=23.637812,120.225678","24H水廁,冷熱飲水,打氣補胎,四湖鄉"
POL-YL-066,派出所/鐵馬驛站,四湖鄉,三條崙派出所 (鐵馬驛站),臺西分局,23.649812,120.155432,雲林縣四湖鄉崙北村中山路54號,提供 (24H免費冷溫熱飲水機),提供 (24H公用洗手間),提供打氣筒、簡易維修工具與急救箱,24小時全年無休,雲林縣警局臺西分局三條崙派出所鐵馬驛站，提供24H水廁與車友打氣支援。,,"https://www.google.com/maps/search/?api=1&query=23.649812,120.155432","24H水廁,冷熱飲水,打氣補胎,四湖鄉"
POL-YL-067,派出所/鐵馬驛站,四湖鄉,飛沙派出所 (鐵馬驛站),臺西分局,23.621245,120.181234,雲林縣四湖鄉飛沙村飛沙路32號,提供 (24H免費冷溫熱飲水機),提供 (24H公用洗手間),提供打氣筒、簡易維修工具與急救箱,24小時全年無休,雲林縣警局臺西分局飛沙派出所鐵馬驛站，提供24H水廁與車友打氣支援。,,"https://www.google.com/maps/search/?api=1&query=23.621245,120.181234","24H水廁,冷熱飲水,打氣補胎,四湖鄉"
POL-YL-068,派出所/鐵馬驛站,四湖鄉,林厝派出所 (鐵馬驛站),臺西分局,23.615678,120.201234,雲林縣四湖鄉林東村中華路150號,提供 (24H免費冷溫熱飲水機),提供 (24H公用洗手間),提供打氣筒、簡易維修工具與急救箱,24小時全年無休,雲林縣警局臺西分局林厝派出所鐵馬驛站，提供24H水廁與車友打氣支援。,,"https://www.google.com/maps/search/?api=1&query=23.615678,120.201234","24H水廁,冷熱飲水,打氣補胎,四湖鄉"
GAS-YL-001,加油站,斗六市,台灣中油 斗六站 (直營),台灣中油(直營),23.714521,120.539876,雲林縣斗六市西平路134號,站內備有飲水機 (可洽員工裝水),提供 (特優級公廁/無障礙),提供 (自動胎壓充氣機),24小時營業,斗六市區往西螺、莿桐幹道中油直營大站，洗手間寬敞潔淨，打氣如廁最便利。,"中油直營,24H水廁,自動打氣,市區幹道","https://www.google.com/maps/search/?api=1&query=23.714521,120.539876",
GAS-YL-002,加油站,斗六市,台灣中油 大學路站 (直營),台灣中油(直營),23.698712,120.548912,雲林縣斗六市大學路二段88號,站內提供飲用水,提供 (特優級公廁/無障礙),提供 (自動胎壓充氣機),24小時營業,鄰近雲科大與縣政府外環道，場地廣闊，車友外環繞行絕佳打氣如廁站。,"雲科大周邊,外環幹道,24H洗手間,自動充氣","https://www.google.com/maps/search/?api=1&query=23.698712,120.548912",
GAS-YL-003,加油站,斗六市,台灣中油 石榴班站,台灣中油,23.738912,120.589123,雲林縣斗六市石榴路399號,可洽站務員盛裝飲用水,提供 (公用洗手間),提供 (胎壓充氣機),06:00-22:00,省道台3線斗六往林內方向重要中繼，台3線騎士必經補給點。,"台3線省道,往林內要道,洗手間,打氣設備","https://www.google.com/maps/search/?api=1&query=23.738912,120.589123",
GAS-YL-004,加油站,斗南鎮,台灣中油 斗南站 (直營),台灣中油(直營),23.682145,120.486543,雲林縣斗南鎮延平路一段100號,站內備有飲水設備,提供 (特優級公廁/無障礙),提供 (自動胎壓充氣機),24小時營業,台1線省道斗南市區核心，單車環島長征必停的中油旗艦站點。,"台1線環島,斗南市區,24H水廁,自動打氣","https://www.google.com/maps/search/?api=1&query=23.682145,120.486543",
GAS-YL-005,加油站,斗南鎮,台灣中油 斗南交流道站,台灣中油,23.673412,120.461234,雲林縣斗南鎮大同路572號,提供飲用水,提供 (公用洗手間),提供 (胎壓充氣機),24小時營業,國道1號斗南交流道旁，158縣道往虎尾、土庫交會樞紐，空間大好停靠。,"交流道旁,158縣道,24H洗手間,車輛充氣","https://www.google.com/maps/search/?api=1&query=23.673412,120.461234",
GAS-YL-006,加油站,虎尾鎮,台灣中油 虎尾站 (直營),台灣中油(直營),23.712341,120.428765,雲林縣虎尾鎮林森路二段250號,站內備有飲水機,提供 (特優級公廁/無障礙),提供 (自動胎壓充氣機),24小時營業,虎尾市區林森路主幹道直營站，洗手間乾淨，胎壓不足可迅速補氣。,"虎尾市中心,中油直營,24H水廁,自動打氣","https://www.google.com/maps/search/?api=1&query=23.712341,120.428765",
GAS-YL-007,加油站,虎尾鎮,台亞石油 虎尾高鐵站,台塑石油,23.735612,120.435678,雲林縣虎尾鎮站前東路200號,可洽站內補水,提供 (公用洗手間),提供 (胎壓充氣機),24小時營業,高鐵雲林站特區重要加油站，前往中科園區或高鐵轉乘的友善補給處。,"高鐵特區,24H營業,洗手間,打氣設備","https://www.google.com/maps/search/?api=1&query=23.735612,120.435678",
GAS-YL-008,加油站,西螺鎮,台灣中油 西螺交流道站 (直營),台灣中油(直營),23.781234,120.468912,雲林縣西螺鎮中山路200號,站內備有飲水機,提供 (大型特優級公廁/無障礙),提供 (自動胎壓充氣機),24小時營業,國道1號西螺交流道與145縣道交匯處，場地極大，洗手間設備齊全乾淨。,"交流道樞紐,24H大型水廁,無障礙,自動打氣","https://www.google.com/maps/search/?api=1&query=23.781234,120.468912",
GAS-YL-009,加油站,西螺鎮,台灣中油 大橋站,台灣中油,23.801234,120.460123,雲林縣西螺鎮大橋路101號,提供飲水機補水,提供 (公用洗手間),提供 (胎壓充氣機),06:30-21:30,西螺大橋南端入口旁，過橋前後檢查胎壓與如廁最順路的首選。,"西螺大橋旁,老街周邊,打氣補水,洗手間","https://www.google.com/maps/search/?api=1&query=23.801234,120.460123",
GAS-YL-010,加油站,北港鎮,台灣中油 北港站 (直營),台灣中油(直營),23.576543,120.308765,雲林縣北港鎮華勝路58號,站內備有飲水設備,提供 (特優級公廁/無障礙),提供 (自動胎壓充氣機),24小時營業,台19線省道進入北港市區主幹道，往武德宮與朝天宮必經的優質直營站。,"台19線,北港市區,24H水廁,自動打氣","https://www.google.com/maps/search/?api=1&query=23.576543,120.308765",
GAS-YL-011,加油站,北港鎮,台灣中油 新街站,台灣中油,23.591234,120.302145,雲林縣北港鎮新街里華勝路450號,提供飲用水,提供 (公用洗手間),提供 (胎壓充氣機),24小時營業,武德宮北側、往元長台19線上，朝聖與長途騎行便利打氣如廁點。,"武德宮北側,台19線,24H營業,洗手間","https://www.google.com/maps/search/?api=1&query=23.591234,120.302145",
GAS-YL-012,加油站,古坑鄉,台灣中油 古坑站 (直營),台灣中油(直營),23.645678,120.560123,雲林縣古坑鄉中山路50號,提供冷熱飲用水,提供 (特優級公廁),提供 (自動胎壓充氣機),06:00-22:00,古坑市區核心，進山攻華山、樟湖咖啡公路前檢查胎壓與補水關鍵站。,"爬坡前哨,咖啡公路,打氣補水,中油直營","https://www.google.com/maps/search/?api=1&query=23.645678,120.560123",
GAS-YL-013,加油站,古坑鄉,台灣中油 永光站,台灣中油,23.618912,120.571234,雲林縣古坑鄉永光村光興路88號,提供飲用水,提供 (公用洗手間),提供 (胎壓充氣機),06:30-21:30,劍湖山門戶與158乙線交會處，上山前最後平地加油站補給處。,"劍湖山門戶,158乙線,山道前置,洗手間","https://www.google.com/maps/search/?api=1&query=23.618912,120.571234",
GAS-YL-014,加油站,林內鄉,台灣中油 林內站 (直營),台灣中油(直營),23.756781,120.612345,雲林縣林內鄉中正路280號,站內備有飲水機,提供 (優良公用洗手間),提供 (自動胎壓充氣機),24小時營業,台3線往南投竹山門戶，長途山海線交會必停的中油直營站。,"台3線省道,竹山交界,24H水廁,自動打氣","https://www.google.com/maps/search/?api=1&query=23.756781,120.612345",
GAS-YL-015,加油站,莿桐鄉,台灣中油 莿桐站 (直營),台灣中油(直營),23.762341,120.528912,雲林縣莿桐鄉延平路120號,提供飲用水,提供 (特優級公廁/無障礙),提供 (自動胎壓充氣機),24小時營業,省道台1線莿桐段核心，環島單車公路必經的中油直營休息大站。,"台1線環島,莿桐市區,24H水廁,自動充氣","https://www.google.com/maps/search/?api=1&query=23.762341,120.528912",
GAS-YL-016,加油站,土庫鎮,台灣中油 土庫站 (直營),台灣中油(直營),23.689123,120.358912,雲林縣土庫鎮建國路85號,站內備有飲水機,提供 (特優級公廁),提供 (自動胎壓充氣機),06:00-22:00,145縣道土庫外環道旁，鄰近土庫老街，車道寬敞好停靠。,"145縣道,土庫外環,中油直營,打氣補水","https://www.google.com/maps/search/?api=1&query=23.689123,120.358912",
GAS-YL-017,加油站,褒忠鄉,台灣中油 褒忠站,台灣中油,23.696781,120.313412,雲林縣褒忠鄉三民路112號,提供飲用水,提供 (公用洗手間),提供 (胎壓充氣機),06:00-21:30,158縣道橫貫雲林平原之中心站點，深入褒忠田園騎行便利中繼站。,"158縣道,褒忠核心,洗手間,打氣設備","https://www.google.com/maps/search/?api=1&query=23.696781,120.313412",
GAS-YL-018,加油站,元長鄉,台灣中油 元長站 (直營),台灣中油(直營),23.649812,120.318912,雲林縣元長鄉中山路2號,站內備有飲水機,提供 (特優級公廁),提供 (自動胎壓充氣機),06:00-22:00,台19線與145線交會樞紐，南下北港、北上虎尾長程騎士重要補給點。,"台19線,元長市區,中油直營,自動打氣","https://www.google.com/maps/search/?api=1&query=23.649812,120.318912",
GAS-YL-019,加油站,二崙鄉,台灣中油 二崙站,台灣中油,23.769812,120.418765,雲林縣二崙鄉中興路110號,提供飲用水,提供 (公用洗手間),提供 (胎壓充氣機),06:30-21:00,二崙市街中心，詔安客家聚落巡航最佳水廁與輪胎補氣站。,"二崙市區,客家文化聚落,洗手間,胎壓充氣","https://www.google.com/maps/search/?api=1&query=23.769812,120.418765",
GAS-YL-020,加油站,崙背鄉,台灣中油 崙背站 (直營),台灣中油(直營),23.761234,120.358912,雲林縣崙背鄉正義路185號,站內備有飲水機,提供 (特優級公廁/無障礙),提供 (自動胎壓充氣機),24小時營業,156縣道與台19線交匯處，千巧谷與酪農區旁，全天候水廁打氣服務。,"酪農專區,台19線,24H水廁,中油直營","https://www.google.com/maps/search/?api=1&query=23.761234,120.358912",
GAS-YL-021,加油站,麥寮鄉,台灣中油 麥寮站 (直營),台灣中油(直營),23.748912,120.256781,雲林縣麥寮鄉中興路75號,站內備有飲水機,提供 (特優級公廁/無障礙),提供 (自動胎壓充氣機),24小時營業,台17線沿海公路麥寮段中繼樞紐，西濱強風長途騎行最穩定的如廁歇腳處。,"台17線西濱,麥寮市區,24H水廁,自動打氣","https://www.google.com/maps/search/?api=1&query=23.748912,120.256781",
GAS-YL-022,加油站,麥寮鄉,台塑加油站 麥寮六輕站,台塑石油,23.771245,120.201234,雲林縣麥寮鄉工業路1號,提供飲用水,提供 (大型公用洗手間),提供 (胎壓充氣機),24小時營業,六輕工業區門戶，沿海極西公路段極具標誌性的大型如廁與補氣站。,"六輕門戶,沿海極西,24H洗手間,打氣設備","https://www.google.com/maps/search/?api=1&query=23.771245,120.201234",
GAS-YL-023,加油站,東勢鄉,台灣中油 東勢站 (直營),台灣中油(直營),23.676543,120.256781,雲林縣東勢鄉東勢東路68號,提供飲水機補水,提供 (特優級公廁),提供 (自動胎壓充氣機),06:00-22:00,153縣道與158縣道交會口，東勢市區核心，進出海線平原重要補給點。,"東勢核心,153縣道,中油直營,打氣水廁","https://www.google.com/maps/search/?api=1&query=23.676543,120.256781",
GAS-YL-024,加油站,臺西鄉,台灣中油 臺西站 (直營),台灣中油(直營),23.703412,120.198765,雲林縣臺西鄉民權路55號,站內備有飲水機,提供 (特優級公廁/無障礙),提供 (自動胎壓充氣機),24小時營業,台17線進入臺西市區關鍵直營站，探索海口風情與海風長征騎士庇護站。,"臺西市區,台17線,24H水廁,自動打氣","https://www.google.com/maps/search/?api=1&query=23.703412,120.198765",
GAS-YL-025,加油站,臺西鄉,台灣中油 五條港站,台灣中油,23.718912,120.175612,雲林縣臺西鄉五港村中央路88號,提供飲用水,提供 (公用洗手間),提供 (胎壓充氣機),06:00-21:00,五條港安西府旁，濱海景觀車道與極西風車海堤必停歇腳站。,"安西府旁,海堤車道,洗手間,打氣設備","https://www.google.com/maps/search/?api=1&query=23.718912,120.175612",
GAS-YL-026,加油站,四湖鄉,台灣中油 四湖站 (直營),台灣中油(直營),23.639123,120.228912,雲林縣四湖鄉中山路95號,站內備有飲水機,提供 (特優級公廁),提供 (自動胎壓充氣機),06:00-22:00,160縣道貫穿四湖核心直營站，往三條崙海水浴場、黑森林車道必經加水點。,"四湖市區,160縣道,中油直營,打氣補水","https://www.google.com/maps/search/?api=1&query=23.639123,120.228912",
GAS-YL-027,加油站,口湖鄉,台灣中油 口湖站 (直營),台灣中油(直營),23.583412,120.191234,雲林縣口湖鄉口湖路20號,站內備有飲水機,提供 (特優級公廁/無障礙),提供 (自動胎壓充氣機),06:00-22:00,口湖市區重要直營大站，前往椬梧滯洪池與成龍濕地前的重要車況檢查站。,"口湖核心,小日月潭前哨,中油直營,自動打氣","https://www.google.com/maps/search/?api=1&query=23.583412,120.191234",
GAS-YL-028,加油站,口湖鄉,台灣中油 金湖站,台灣中油,23.605612,120.161234,雲林縣口湖鄉港東村港東街8號,提供飲用水,提供 (公用洗手間),提供 (胎壓充氣機),06:30-21:00,台17線與箔仔寮漁港聯絡道旁，海線長征騎士如廁打氣好幫手。,"台17線,箔仔寮漁港,洗手間,胎壓充氣","https://www.google.com/maps/search/?api=1&query=23.605612,120.161234",
GAS-YL-029,加油站,水林鄉,台灣中油 水林站 (直營),台灣中油(直營),23.573412,120.248912,雲林縣水林鄉水林路80號,站內備有飲水設備,提供 (特優級公廁),提供 (自動胎壓充氣機),06:00-22:00,164縣道水林市區門戶，品嚐水林番薯、探訪顏思齊開台史蹟之優質補給站。,"164縣道,水林核心,中油直營,水廁打氣","https://www.google.com/maps/search/?api=1&query=23.573412,120.248912",
GAS-YL-030,加油站,大埤鄉,台灣中油 大埤站,台灣中油,23.647812,120.433412,雲林縣大埤鄉延平路60號,提供飲用水,提供 (公用洗手間),提供 (胎壓充氣機),06:00-21:30,大埤市街外環道旁，深入酸菜之鄉田園路線中途不可或缺的洗手間與打氣站。,"酸菜之鄉,大埤市區,洗手間,打氣設備","https://www.google.com/maps/search/?api=1&query=23.647812,120.433412",
GOV-YL-001,公所/戶政/圖書館,斗六市,雲林縣政府 / 縣府大廳,行政機關,23.700341,120.531728,雲林縣斗六市雲林路二段515號,提供 (大廳多台冷溫熱飲水機),提供 (特優級公用洗手間/無障礙/親子廁所),空調休息閱覽區 / 園區自行車停放空間,週一至週五 08:00-17:30,雲林最高行政核心，大廳空間挑高舒適，設有飲水機、無障礙洗手間與空調休息區。,"行政核心,冷氣空調,冷熱飲水,無障礙廁所","https://www.google.com/maps/search/?api=1&query=23.700341,120.531728",
GOV-YL-002,公所/戶政/圖書館,斗六市,斗六市公所 / 斗六戶政事務所,行政機關/戶政,23.708912,120.542145,雲林縣斗六市府前街28號,提供 (大廳免費冷溫熱飲水機),提供 (公用洗手間/無障礙),空調休息閱覽區 / 園區自行車停放空間,週一至週五 08:00-17:30,斗六市中心核心公所，近行啟紀念館，大廳提供便民飲水機與舒適如廁空間。,"市中心,冷氣開放,飲水機,戶政便民","https://www.google.com/maps/search/?api=1&query=23.708912,120.542145",
GOV-YL-003,公所/戶政/圖書館,斗六市,雲林縣公共圖書館 (文化觀光處圖書館),公共圖書館,23.699812,120.530876,雲林縣斗六市大學路三段310號,提供 (各樓層冰溫熱飲水機),提供 (五星級特優洗手間/無障礙),空調休息閱覽區 / 園區自行車停放空間,週二至週日 08:30-21:00 (週一休館),雲林縣旗艦級圖書館，藏書豐富、座位寬敞，夏天避暑盛水、舒適如廁首選。,"旗艦圖書館,冰溫熱水,星級公廁,假日開放","https://www.google.com/maps/search/?api=1&query=23.699812,120.530876",
GOV-YL-004,公所/戶政/圖書館,斗六市,斗六市立繪本館 (繪本圖書館),公共圖書館,23.705612,120.547891,雲林縣斗六市莊敬路66號,提供 (免費冷溫熱飲水機),提供 (親子/無障礙洗手間),空調休息閱覽區 / 園區自行車停放空間,週二至週日 08:00-17:30 (週一休館),全台首座城堡造型立體繪本館，親子友善，具備極佳的飲水與休憩環境。,"城堡繪本館,親子友善,冷氣飲水,週末開放","https://www.google.com/maps/search/?api=1&query=23.705612,120.547891",
GOV-YL-005,公所/戶政/圖書館,斗南鎮,斗南鎮公所 / 斗南戶政事務所,行政機關/戶政,23.676543,120.478912,雲林縣斗南鎮文昌路157號,提供 (冷溫熱飲水機),提供 (公用洗手間/無障礙),空調休息閱覽區 / 園區自行車停放空間,週一至週五 08:00-17:30,斗南市區行政樞紐，大廳設有飲水機與便民服務台，洽公過路皆可補水。,"斗南核心,冷氣開放,飲水機,無障礙","https://www.google.com/maps/search/?api=1&query=23.676543,120.478912",
GOV-YL-006,公所/戶政/圖書館,斗南鎮,斗南鎮立圖書館,公共圖書館,23.676812,120.478654,雲林縣斗南鎮文昌路157號 (公所旁),提供 (冷溫熱飲水機),提供 (男女洗手間),空調休息閱覽區 / 園區自行車停放空間,週二至週日 08:00-17:30 (週一休館),斗南文教中心，環境清幽安靜，單車漫遊市區隨時進館閱讀休整與加水。,"文教中心,安靜歇腳,冷熱飲水,週末開放","https://www.google.com/maps/search/?api=1&query=23.676812,120.478654",
GOV-YL-007,公所/戶政/圖書館,虎尾鎮,虎尾鎮公所 / 虎尾戶政事務所,行政機關/戶政,23.705432,120.428765,雲林縣虎尾鎮勝利路66號,提供 (大廳飲水機),提供 (公用洗手間/無障礙),空調休息閱覽區 / 園區自行車停放空間,週一至週五 08:00-17:30,虎尾鎮行政核心，近虎尾圓環與文化商圈，大廳明亮寬敞，提供便民水廁。,"虎尾市區,冷氣大廳,飲水補給,便民洗手間","https://www.google.com/maps/search/?api=1&query=23.705432,120.428765",
GOV-YL-008,公所/戶政/圖書館,虎尾鎮,虎尾鎮立圖書館,公共圖書館,23.708945,120.439812,雲林縣虎尾鎮光明路124號,提供 (館內冷溫熱飲水機),提供 (公用洗手間),空調休息閱覽區 / 園區自行車停放空間,週二至週日 08:00-17:30 (週一休館),虎尾圖書館座落公園旁，環境優雅涼爽，是探索虎尾糖都文史最佳中繼補水站。,"公園綠地,冷氣閱覽,冷溫熱水,週末開放","https://www.google.com/maps/search/?api=1&query=23.708945,120.439812",
GOV-YL-009,公所/戶政/圖書館,西螺鎮,西螺鎮公所 / 西螺戶政事務所,行政機關/戶政,23.796781,120.458912,雲林縣西螺鎮光復西路20號,提供 (大廳冷溫熱飲水機),提供 (公用洗手間/無障礙),空調休息閱覽區 / 園區自行車停放空間,週一至週五 08:00-17:30,西螺鎮行政核心，鄰近森活武樹園區，大廳提供乾淨飲水與便民洗手間。,"西螺行政,冷熱飲水,洗手間,無障礙","https://www.google.com/maps/search/?api=1&query=23.796781,120.458912",
GOV-YL-010,公所/戶政/圖書館,西螺鎮,西螺鎮立圖書館,公共圖書館,23.794123,120.456781,雲林縣西螺鎮興農西路229號,提供 (館內飲水機),提供 (公用洗手間),空調休息閱覽區 / 園區自行車停放空間,週二至週日 08:00-17:30 (週一休館),西螺文教中心，閱覽室舒適寬敞，騎乘西螺自行車道中途休息補水好去處。,"文教中心,冷氣開放,飲水加水,週末開放","https://www.google.com/maps/search/?api=1&query=23.794123,120.456781",
GOV-YL-011,公所/戶政/圖書館,土庫鎮,土庫鎮公所 / 土庫戶政事務所,行政機關/戶政,23.690876,120.360123,雲林縣土庫鎮石廟里中正路1號,提供 (大廳飲水機),提供 (公用洗手間/無障礙),空調休息閱覽區 / 園區自行車停放空間,週一至週五 08:00-17:30,土庫鎮政核心，鄰近長青公園與老街，提供洽公與過路車友舒適的補水空間。,"土庫核心,冷氣開放,便民飲水,洗手間","https://www.google.com/maps/search/?api=1&query=23.690876,120.360123",
GOV-YL-012,公所/戶政/圖書館,土庫鎮,土庫鎮立圖書館,公共圖書館,23.690512,120.360432,雲林縣土庫鎮中正路1號 (公所旁),提供 (館內冷溫熱飲水機),提供 (公用洗手間),空調休息閱覽區 / 園區自行車停放空間,週二至週日 08:00-17:30 (週一休館),土庫鎮文教閱讀據點，與公所園區相連，具備優良的洗手間與飲水設備。,"老街周邊,安靜舒適,冷熱飲水,週末開放","https://www.google.com/maps/search/?api=1&query=23.690512,120.360432",
GOV-YL-013,公所/戶政/圖書館,北港鎮,北港鎮公所 / 北港戶政事務所,行政機關/戶政,23.575612,120.307891,雲林縣北港鎮華勝路136號,提供 (大廳冷溫熱飲水機),提供 (公用洗手間/無障礙),空調休息閱覽區 / 園區自行車停放空間,週一至週五 08:00-17:30,北港台19線省道旁行政核心，大廳寬敞，方便單車騎士盛水休息。,"台19線,北港行政,冷氣大廳,無障礙","https://www.google.com/maps/search/?api=1&query=23.575612,120.307891",
GOV-YL-014,公所/戶政/圖書館,北港鎮,北港鎮立圖書館 (北港文化中心旁),公共圖書館,23.573412,120.298765,雲林縣北港鎮公園路66號,提供 (館內冰溫熱飲水機),提供 (特優級公用洗手間),空調休息閱覽區 / 園區自行車停放空間,週二至週日 08:00-17:30 (週一休館),北港運動公園與文化中心旁，空間極大、冷氣舒適，是全鎮最佳文教補水據點。,"文化園區,公園綠地,五星水廁,週末開放","https://www.google.com/maps/search/?api=1&query=23.573412,120.298765",
GOV-YL-015,公所/戶政/圖書館,古坑鄉,古坑鄉公所 / 古坑戶政事務所,行政機關/戶政,23.644123,120.562345,雲林縣古坑鄉中山路180號,提供 (大廳飲水機),提供 (公用洗手間/無障礙),空調休息閱覽區 / 園區自行車停放空間,週一至週五 08:00-17:30,古坑鄉行政中心，進山攻頂華山、樟湖咖啡公路前，最標準的補水如廁基地。,"咖啡之鄉,爬坡整備,冷氣大廳,洗手間","https://www.google.com/maps/search/?api=1&query=23.644123,120.562345",
GOV-YL-016,公所/戶政/圖書館,古坑鄉,古坑鄉立圖書館,公共圖書館,23.643891,120.562145,雲林縣古坑鄉中山路182號 (公所旁),提供 (冷溫熱飲水機),提供 (公用洗手間),空調休息閱覽區 / 園區自行車停放空間,週二至週日 08:00-17:30 (週一休館),古坑市區安靜優雅的圖書館，提供充足的冷溫熱水與安靜閱覽休息空間。,"山腳文教,冷熱飲水,避暑休整,週末開放","https://www.google.com/maps/search/?api=1&query=23.643891,120.562145",
GOV-YL-017,公所/戶政/圖書館,大埤鄉,大埤鄉公所 / 大埤戶政事務所,行政機關/戶政,23.645612,120.430123,雲林縣大埤鄉南門街1號,提供 (大廳飲水機),提供 (公用洗手間/無障礙),空調休息閱覽區 / 園區自行車停放空間,週一至週五 08:00-17:30,酸菜之鄉大埤行政中心，大廳提供洽公民眾與單車車友免費加水與如廁。,"酸菜故鄉,大埤行政,冷氣開放,飲水補給","https://www.google.com/maps/search/?api=1&query=23.645612,120.430123",
GOV-YL-018,公所/戶政/圖書館,大埤鄉,大埤鄉立圖書館,公共圖書館,23.646781,120.431234,雲林縣大埤鄉民生路17號,提供 (冷溫熱飲水機),提供 (公用洗手間),空調休息閱覽區 / 園區自行車停放空間,週二至週日 08:00-17:30 (週一休館),大埤市區文教閱覽中心，綠意盎然，平原農村單車長途騎行絕佳歇腳點。,"農村文教,安靜綠意,冷熱飲水,週末開放","https://www.google.com/maps/search/?api=1&query=23.646781,120.431234",
GOV-YL-019,公所/戶政/圖書館,莿桐鄉,莿桐鄉公所 / 莿桐戶政事務所,行政機關/戶政,23.760891,120.531876,雲林縣莿桐鄉中正路136號,提供 (大廳冷溫熱飲水機),提供 (公用洗手間/無障礙),空調休息閱覽區 / 園區自行車停放空間,週一至週五 08:00-17:30,莿桐市街中心，台1線省道環島公路旁，大廳空調舒適，水廁設施齊全。,"台1線旁,莿桐市區,冷氣大廳,飲水補給","https://www.google.com/maps/search/?api=1&query=23.760891,120.531876",
GOV-YL-020,公所/戶政/圖書館,莿桐鄉,莿桐鄉立圖書館,公共圖書館,23.763412,120.534512,雲林縣莿桐鄉和平路100號,提供 (冷溫熱飲水機),提供 (公用洗手間),空調休息閱覽區 / 園區自行車停放空間,週二至週日 08:00-17:30 (週一休館),莿桐公園旁文教館舍，環境整潔安靜，提供多台飲水機供車友補給。,"公園旁,文教閱覽,冷熱飲水,週末開放","https://www.google.com/maps/search/?api=1&query=23.763412,120.534512",
GOV-YL-021,公所/戶政/圖書館,林內鄉,林內鄉公所 / 林內戶政事務所,行政機關/戶政,23.755432,120.613412,雲林縣林內鄉中正路340號,提供 (大廳飲水機),提供 (公用洗手間/無障礙),空調休息閱覽區 / 園區自行車停放空間,週一至週五 08:00-17:30,林內鄉政中心，鄰近林內火車站，進入竹山與紫藤湖走廊之關鍵行政補給處。,"林內核心,台3線旁,冷氣大廳,無障礙洗手間","https://www.google.com/maps/search/?api=1&query=23.755432,120.613412",
GOV-YL-022,公所/戶政/圖書館,林內鄉,林內鄉立圖書館,公共圖書館,23.757812,120.615678,雲林縣林內鄉民生路126號,提供 (冷溫熱飲水機),提供 (公用洗手間),空調休息閱覽區 / 園區自行車停放空間,週二至週日 08:00-17:30 (週一休館),座落龍過脈森林步道入口周邊，山林風情濃厚，登山與騎車民眾補水勝地。,"步道入口,山林文教,冷熱飲水,週末開放","https://www.google.com/maps/search/?api=1&query=23.757812,120.615678",
GOV-YL-023,公所/戶政/圖書館,二崙鄉,二崙鄉公所 / 二崙戶政事務所,行政機關/戶政,23.771891,120.416543,雲林縣二崙鄉中興路36號,提供 (大廳冷溫熱飲水機),提供 (公用洗手間/無障礙),空調休息閱覽區 / 園區自行車停放空間,週一至週五 08:00-17:30,二崙鄉核心政務據點，詔安客家文化重鎮，提供車友冷氣與便利水廁。,"二崙行政,客家原鄉,冷氣空調,無障礙洗手間","https://www.google.com/maps/search/?api=1&query=23.771891,120.416543",
GOV-YL-024,公所/戶政/圖書館,二崙鄉,二崙鄉立圖書館 (詔安客家文化館旁),公共圖書館,23.773412,120.414123,雲林縣二崙鄉民生路29號,提供 (冷溫熱飲水機),提供 (公用洗手間),空調休息閱覽區 / 園區自行車停放空間,週二至週日 08:00-17:30 (週一休館),二崙文教中心，緊鄰詔安客家文化館，園區開闊優美，水廁設備極為完善。,"詔安客家,文化園區,冷熱飲水,週末開放","https://www.google.com/maps/search/?api=1&query=23.773412,120.414123",
GOV-YL-025,公所/戶政/圖書館,崙背鄉,崙背鄉公所 / 崙背戶政事務所,行政機關/戶政,23.758912,120.355678,雲林縣崙背鄉南光路26號,提供 (大廳飲水機),提供 (公用洗手間/無障礙),空調休息閱覽區 / 園區自行車停放空間,週一至週五 08:00-17:30,崙背酪農專區行政中心，大廳寬敞，提供便民開水與潔淨洗手間。,"酪農之鄉,崙背公所,冷氣大廳,便民水廁","https://www.google.com/maps/search/?api=1&query=23.758912,120.355678",
GOV-YL-026,公所/戶政/圖書館,崙背鄉,崙背鄉立圖書館,公共圖書館,23.761234,120.353412,雲林縣崙背鄉忠孝街39號,提供 (冷溫熱飲水機),提供 (公用洗手間),空調休息閱覽區 / 園區自行車停放空間,週二至週日 08:00-17:30 (週一休館),崙背市區綠蔭圖書館，冷氣涼爽、藏書多元，長途騎行最佳沉澱補水站。,"安靜閱覽,綠蔭圍繞,冷熱飲水,週末開放","https://www.google.com/maps/search/?api=1&query=23.761234,120.353412",
GOV-YL-027,公所/戶政/圖書館,麥寮鄉,麥寮鄉公所 / 麥寮戶政事務所,行政機關/戶政,23.748712,120.254891,雲林縣麥寮鄉中興路67號,提供 (大廳多台冷溫熱飲水機),提供 (特優級公用洗手間/無障礙),空調休息閱覽區 / 園區自行車停放空間,週一至週五 08:00-17:30,麥寮市區核心，拱範宮旁，大樓新穎且水廁設備現代化，海風長途騎行首選。,"麥寮核心,新穎設施,特優洗手間,冷熱補水","https://www.google.com/maps/search/?api=1&query=23.748712,120.254891",
GOV-YL-028,公所/戶政/圖書館,麥寮鄉,麥寮鄉立圖書館,公共圖書館,23.746123,120.252145,雲林縣麥寮鄉自強路15號,提供 (館內冷溫熱飲水機),提供 (公用洗手間),空調休息閱覽區 / 園區自行車停放空間,週二至週日 08:00-17:30 (週一休館),麥寮文教核心館舍，環境整潔優雅，沿海長征騎士吹冷氣避風加水必訪。,"海線文教,避風歇腳,冷氣開放,週末開放","https://www.google.com/maps/search/?api=1&query=23.746123,120.252145",
GOV-YL-029,公所/戶政/圖書館,東勢鄉,東勢鄉公所 / 東勢戶政事務所,行政機關/戶政,23.675412,120.254123,雲林縣東勢鄉東南村東勢東路15號,提供 (大廳飲水機),提供 (公用洗手間/無障礙),空調休息閱覽區 / 園區自行車停放空間,週一至週五 08:00-17:30,紅蘿蔔故鄉東勢政務中心，153與158縣道樞紐，提供熱誠便民水廁服務。,"東勢行政,胡蘿蔔之鄉,冷氣大廳,無障礙","https://www.google.com/maps/search/?api=1&query=23.675412,120.254123",
GOV-YL-030,公所/戶政/圖書館,東勢鄉,東勢鄉立圖書館,公共圖書館,23.674123,120.251234,雲林縣東勢鄉東南村東勢西路11號,提供 (冷溫熱飲水機),提供 (公用洗手間),空調休息閱覽區 / 園區自行車停放空間,週二至週日 08:00-17:30 (週一休館),東勢市區安靜閱覽室，平原農村單車小旅行最可靠的加水休息站。,"農村圖書館,冷熱飲水,安靜休整,週末開放","https://www.google.com/maps/search/?api=1&query=23.674123,120.251234",
GOV-YL-031,公所/戶政/圖書館,褒忠鄉,褒忠鄉公所 / 褒忠戶政事務所,行政機關/戶政,23.693412,120.312345,雲林縣褒忠鄉中勝路38號,提供 (大廳飲水機),提供 (公用洗手間/無障礙),空調休息閱覽區 / 園區自行車停放空間,週一至週五 08:00-17:30,褒忠市街中心，158縣道橫貫平原中繼點，公所大廳提供便民加水與如廁。,"褒忠核心,158縣道,冷氣大廳,便民服務","https://www.google.com/maps/search/?api=1&query=23.693412,120.312345",
GOV-YL-032,公所/戶政/圖書館,褒忠鄉,褒忠鄉立圖書館,公共圖書館,23.695678,120.310123,雲林縣褒忠鄉自強路1號,提供 (冷溫熱飲水機),提供 (公用洗手間),空調休息閱覽區 / 園區自行車停放空間,週二至週日 08:00-17:30 (週一休館),座落褒忠公園旁，環境幽靜，具備優質飲用水與整潔洗手間。,"公園旁,文教閱讀,冷熱飲水,週末開放","https://www.google.com/maps/search/?api=1&query=23.695678,120.310123",
GOV-YL-033,公所/戶政/圖書館,臺西鄉,臺西鄉公所 / 臺西戶政事務所,行政機關/戶政,23.701234,120.197891,雲林縣臺西鄉台西村中山路26號,提供 (大廳冷溫熱飲水機),提供 (公用洗手間/無障礙),空調休息閱覽區 / 園區自行車停放空間,週一至週五 08:00-17:30,臺西海口政務核心，深入本島極西濱海公路巡航之最關鍵公部門水廁基地。,"臺西核心,海口門戶,冷氣開放,無障礙洗手間","https://www.google.com/maps/search/?api=1&query=23.701234,120.197891",
GOV-YL-034,公所/戶政/圖書館,臺西鄉,臺西鄉立圖書館,公共圖書館,23.701512,120.197543,雲林縣臺西鄉中山路28號 (公所旁),提供 (冷溫熱飲水機),提供 (公用洗手間),空調休息閱覽區 / 園區自行車停放空間,週二至週日 08:00-17:30 (週一休館),臺西文教閱讀中心，海風強勁時極佳的室內避風、吹冷氣與加水點。,"海線文教,避風休整,冷熱飲水,週末開放","https://www.google.com/maps/search/?api=1&query=23.701512,120.197543",
GOV-YL-035,公所/戶政/圖書館,元長鄉,元長鄉公所 / 元長戶政事務所,行政機關/戶政,23.647812,120.314512,雲林縣元長鄉長南村中山路88號,提供 (大廳飲水機),提供 (公用洗手間/無障礙),空調休息閱覽區 / 園區自行車停放空間,週一至週五 08:00-17:30,黑金剛花生之鄉元長核心，台19線與145線交會處，大廳便民水廁齊備。,"元長核心,花生故鄉,冷氣大廳,便民水廁","https://www.google.com/maps/search/?api=1&query=23.647812,120.314512",
GOV-YL-036,公所/戶政/圖書館,元長鄉,元長鄉立圖書館,公共圖書館,23.649812,120.312145,雲林縣元長鄉元西路10號,提供 (冷溫熱飲水機),提供 (公用洗手間),空調休息閱覽區 / 園區自行車停放空間,週二至週日 08:00-17:30 (週一休館),元長市區安靜圖書館，環境舒適，長程單車巡航最佳飲水補給站。,"文教閱讀,安靜舒適,冷熱飲水,週末開放","https://www.google.com/maps/search/?api=1&query=23.649812,120.312145",
GOV-YL-037,公所/戶政/圖書館,四湖鄉,四湖鄉公所 / 四湖戶政事務所,行政機關/戶政,23.636781,120.224512,雲林縣四湖鄉四湖村中山路38號,提供 (大廳冷溫熱飲水機),提供 (公用洗手間/無障礙),空調休息閱覽區 / 園區自行車停放空間,週一至週五 08:00-17:30,四湖鄉政核心，160縣道貫穿市區，提供前往三條崙海岸車友優質水廁服務。,"四湖核心,160縣道,冷氣大廳,無障礙洗手間","https://www.google.com/maps/search/?api=1&query=23.636781,120.224512",
GOV-YL-038,公所/戶政/圖書館,四湖鄉,四湖鄉立圖書館,公共圖書館,23.637123,120.224123,雲林縣四湖鄉中山路40號 (公所旁),提供 (冷溫熱飲水機),提供 (公用洗手間),空調休息閱覽區 / 園區自行車停放空間,週二至週日 08:00-17:30 (週一休館),四湖文教閱讀中心，緊鄰市區公所，設備新穎乾淨，假日補水如廁便利。,"文教中心,冷氣閱覽,冷熱飲水,週末開放","https://www.google.com/maps/search/?api=1&query=23.637123,120.224123",
GOV-YL-039,公所/戶政/圖書館,口湖鄉,口湖鄉公所 / 口湖戶政事務所,行政機關/戶政,23.582145,120.187654,雲林縣口湖鄉口湖村口湖路200號,提供 (大廳飲水機),提供 (公用洗手間/無障礙),空調休息閱覽區 / 園區自行車停放空間,週一至週五 08:00-17:30,口湖市區行政中心，前往椬梧滯洪池、成龍濕地必經之公部門補水大站。,"口湖行政,滯洪池前哨,冷氣大廳,便民水廁","https://www.google.com/maps/search/?api=1&query=23.582145,120.187654",
GOV-YL-040,公所/戶政/圖書館,口湖鄉,口湖鄉立圖書館 (口湖文教園區),公共圖書館,23.582456,120.187234,雲林縣口湖鄉口湖路202號 (公所旁),提供 (冷溫熱飲水機),提供 (公用洗手間),空調休息閱覽區 / 園區自行車停放空間,週二至週日 08:00-17:30 (週一休館),口湖鄉文教閱覽園區，提供安靜閱讀空間、充足飲用水及整潔洗手間。,"文教園區,冷熱飲水,安靜舒適,週末開放","https://www.google.com/maps/search/?api=1&query=23.582456,120.187234",
GOV-YL-041,公所/戶政/圖書館,水林鄉,水林鄉公所 / 水林戶政事務所,行政機關/戶政,23.570891,120.246781,雲林縣水林鄉水南村水林路1號,提供 (大廳冷溫熱飲水機),提供 (公用洗手間/無障礙),空調休息閱覽區 / 園區自行車停放空間,週一至週五 08:00-17:30,開台第一鄉政務核心，鄰近顏思齊紀念碑，大廳寬敞涼爽，水廁機能完整。,"開台第一鄉,水林行政,冷氣大廳,無障礙洗手間","https://www.google.com/maps/search/?api=1&query=23.570891,120.246781",
GOV-YL-042,公所/戶政/圖書館,水林鄉,水林鄉立圖書館,公共圖書館,23.571123,120.246432,雲林縣水林鄉水南村水林路2號 (公所對面),提供 (冷溫熱飲水機),提供 (公用洗手間),空調休息閱覽區 / 園區自行車停放空間,週二至週日 08:00-17:30 (週一休館),水林市區文教重鎮，綠樹成蔭，提供車友舒適休整與大容量飲水補給。,"市區綠蔭,文教閱讀,冷熱飲水,週末開放","https://www.google.com/maps/search/?api=1&query=23.571123,120.246432",
TMP-YL-001,在地宮廟聚落,斗六市,斗六新興宮 (開基斗六媽),主祀: 天上聖母 (斗六媽),23.708912,120.541234,雲林縣斗六市中正路105號,提供 (冷溫熱飲水機/飲水設備),提供 (公用香客洗手間),寬敞廟埕/遮陽休憩涼亭/單車停放空間,每日 06:00-21:00,在地信仰中心，廟埕寬廣，提供騎乘車友安靜的休整空間與水廁服務。,"斗六媽祖,市區核心,冷熱飲水,香客公廁","https://www.google.com/maps/search/?api=1&query=23.708912,120.541234",
TMP-YL-002,在地宮廟聚落,斗六市,斗六南聖宮 (關聖帝君五府千歲),主祀: 關聖帝君,23.688765,120.556781,雲林縣斗六市南聖路301號,提供 (冷溫熱飲水機/飲水設備),提供 (公用香客洗手間),寬敞廟埕/遮陽休憩涼亭/單車停放空間,每日 06:00-21:00,在地信仰中心，廟埕寬廣，提供騎乘車友安靜的休整空間與水廁服務。,"關聖帝君,超大園區,完善水廁","https://www.google.com/maps/search/?api=1&query=23.688765,120.556781",
TMP-YL-003,在地宮廟聚落,斗六市,斗六受天宮,主祀: 玄天上帝,23.703214,120.545678,雲林縣斗六市莊敬路55號,提供 (冷溫熱飲水機/飲水設備),提供 (公用香客洗手間),寬敞廟埕/遮陽休憩涼亭/單車停放空間,每日 06:00-21:00,在地信仰中心，廟埕寬廣，提供騎乘車友安靜的休整空間與水廁服務。,"玄天上帝,市區大廟,廟埕寬廣,洗手間","https://www.google.com/maps/search/?api=1&query=23.703214,120.545678",
TMP-YL-004,在地宮廟聚落,斗六市,長和宮 (咬狗庄),主祀: 天上聖母,23.725812,120.551234,雲林縣斗六市長平里長平路,提供 (冷溫熱飲水機/飲水設備),提供 (公用香客洗手間),寬敞廟埕/遮陽休憩涼亭/單車停放空間,每日 06:00-21:00,在地信仰中心，廟埕寬廣，提供騎乘車友安靜的休整空間與水廁服務。,"地方信仰,安靜廟埕,水廁補給","https://www.google.com/maps/search/?api=1&query=23.725812,120.551234",
TMP-YL-005,在地宮廟聚落,斗六市,湖山巖 (佛教觀音寺),主祀: 觀世音菩薩,23.682145,120.598765,雲林縣斗六市湖山里岩樹路,提供 (冷溫熱飲水機/飲水設備),提供 (公用香客洗手間),寬敞廟埕/遮陽休憩涼亭/單車停放空間,每日 06:00-21:00,在地信仰中心，廟埕寬廣，提供騎乘車友安靜的休整空間與水廁服務。,"佛教聖地,湖山水庫旁,清幽歇腳,完善水廁","https://www.google.com/maps/search/?api=1&query=23.682145,120.598765",
TMP-YL-006,在地宮廟聚落,斗南鎮,斗南石龜溪天后宮 (石龜媽祖),主祀: 天上聖母 (石龜媽),23.643412,120.485678,雲林縣斗南鎮石龜里四維路111號,提供 (冷溫熱飲水機/飲水設備),提供 (公用香客洗手間),寬敞廟埕/遮陽休憩涼亭/單車停放空間,每日 06:00-21:00,在地信仰中心，廟埕寬廣，提供騎乘車友安靜的休整空間與水廁服務。,"石龜媽祖,農村秘境,南界中繼,飲水洗手間","https://www.google.com/maps/search/?api=1&query=23.643412,120.485678",
TMP-YL-007,在地宮廟聚落,斗南鎮,斗南大東泰安宮,主祀: 天上聖母,23.689123,120.468912,雲林縣斗南鎮大東里大東路,提供 (冷溫熱飲水機/飲水設備),提供 (公用香客洗手間),寬敞廟埕/遮陽休憩涼亭/單車停放空間,每日 06:00-21:00,在地信仰中心，廟埕寬廣，提供騎乘車友安靜的休整空間與水廁服務。,"大東聚落,安靜休息,水廁齊備","https://www.google.com/maps/search/?api=1&query=23.689123,120.468912",
TMP-YL-008,在地宮廟聚落,斗南鎮,明昌里明昌宮,主祀: 三山國王,23.665432,120.473214,雲林縣斗南鎮明昌里,提供 (冷溫熱飲水機/飲水設備),提供 (公用香客洗手間),寬敞廟埕/遮陽休憩涼亭/單車停放空間,每日 06:00-21:00,在地信仰中心，廟埕寬廣，提供騎乘車友安靜的休整空間與水廁服務。,"三山國王,地方信仰,飲水提供","https://www.google.com/maps/search/?api=1&query=23.665432,120.473214",
TMP-YL-009,在地宮廟聚落,虎尾鎮,虎尾德興宮 (王爺公廟),主祀: 池府千歲,23.708123,120.435678,雲林縣虎尾鎮中正路1號,提供 (冷溫熱飲水機/飲水設備),提供 (公用香客洗手間),寬敞廟埕/遮陽休憩涼亭/單車停放空間,每日 06:00-21:00,在地信仰中心，廟埕寬廣，提供騎乘車友安靜的休整空間與水廁服務。,"虎尾王爺公,老街起點,傳統信仰,水廁補給","https://www.google.com/maps/search/?api=1&query=23.708123,120.435678",
TMP-YL-010,在地宮廟聚落,虎尾鎮,虎尾持法媽祖宮,主祀: 天上聖母,23.731234,120.456781,雲林縣虎尾鎮頂溪里西園46號,提供 (冷溫熱飲水機/飲水設備),提供 (公用香客洗手間),寬敞廟埕/遮陽休憩涼亭/單車停放空間,每日 06:00-21:00,在地信仰中心，廟埕寬廣，提供騎乘車友安靜的休整空間與水廁服務。,"最美園林,文化古風,庭園景觀,水廁齊備","https://www.google.com/maps/search/?api=1&query=23.731234,120.456781",
TMP-YL-011,在地宮廟聚落,虎尾鎮,虎尾福安宮,主祀: 天上聖母,23.705678,120.433412,雲林縣虎尾鎮公安里,提供 (冷溫熱飲水機/飲水設備),提供 (公用香客洗手間),寬敞廟埕/遮陽休憩涼亭/單車停放空間,每日 06:00-21:00,在地信仰中心，廟埕寬廣，提供騎乘車友安靜的休整空間與水廁服務。,"市區信仰,安靜廟埕,水廁提供","https://www.google.com/maps/search/?api=1&query=23.705678,120.433412",
TMP-YL-012,在地宮廟聚落,虎尾鎮,埒內拱雲宮,主祀: 趙子龍,23.722145,120.448765,雲林縣虎尾鎮埒內,提供 (冷溫熱飲水機/飲水設備),提供 (公用香客洗手間),寬敞廟埕/遮陽休憩涼亭/單車停放空間,每日 06:00-21:00,在地信仰中心，廟埕寬廣，提供騎乘車友安靜的休整空間與水廁服務。,"埒內信仰,毛巾工廠旁,水廁補給","https://www.google.com/maps/search/?api=1&query=23.722145,120.448765",
TMP-YL-013,在地宮廟聚落,西螺鎮,西螺廣福宮 (老大媽廟),主祀: 天上聖母,23.798912,120.465432,雲林縣西螺鎮新街路32號,提供 (冷溫熱飲水機/飲水設備),提供 (公用香客洗手間),寬敞廟埕/遮陽休憩涼亭/單車停放空間,每日 06:00-21:00,在地信仰中心，廟埕寬廣，提供騎乘車友安靜的休整空間與水廁服務。,"西螺老大媽,乾隆古廟,木雕石雕,老街聚落","https://www.google.com/maps/search/?api=1&query=23.798912,120.465432",
TMP-YL-014,在地宮廟聚落,西螺鎮,西螺吳厝朝興宮 (吳厝媽),主祀: 天上聖母,23.753891,120.436123,雲林縣西螺鎮吳厝里吳厝60號,提供 (冷溫熱飲水機/飲水設備),提供 (公用香客洗手間),寬敞廟埕/遮陽休憩涼亭/單車停放空間,每日 06:00-21:00,在地信仰中心，廟埕寬廣，提供騎乘車友安靜的休整空間與水廁服務。,"吳厝媽祖,高鐵特區交界,大廟埕,香客水廁","https://www.google.com/maps/search/?api=1&query=23.753891,120.436123",
TMP-YL-015,在地宮廟聚落,西螺鎮,西螺九隆里弓孝宮,主祀: 神農大帝,23.771234,120.456781,雲林縣西螺鎮九隆里,提供 (冷溫熱飲水機/飲水設備),提供 (公用香客洗手間),寬敞廟埕/遮陽休憩涼亭/單車停放空間,每日 06:00-21:00,在地信仰中心，廟埕寬廣，提供騎乘車友安靜的休整空間與水廁服務。,"農業信仰,田園大廟,水廁齊備","https://www.google.com/maps/search/?api=1&query=23.771234,120.456781",
TMP-YL-016,在地宮廟聚落,西螺鎮,西螺新天宮,主祀: 天上聖母,23.785432,120.462145,雲林縣西螺鎮新豐里,提供 (冷溫熱飲水機/飲水設備),提供 (公用香客洗手間),寬敞廟埕/遮陽休憩涼亭/單車停放空間,每日 06:00-21:00,在地信仰中心，廟埕寬廣，提供騎乘車友安靜的休整空間與水廁服務。,"外環道旁,廟埕寬廣,洗手間","https://www.google.com/maps/search/?api=1&query=23.785432,120.462145",
TMP-YL-017,在地宮廟聚落,土庫鎮,土庫馬光厝順安宮 (馬光媽祖),主祀: 天上聖母,23.676543,120.323412,雲林縣土庫鎮馬光路155號,提供 (冷溫熱飲水機/飲水設備),提供 (公用香客洗手間),寬敞廟埕/遮陽休憩涼亭/單車停放空間,每日 06:00-21:00,在地信仰中心，廟埕寬廣，提供騎乘車友安靜的休整空間與水廁服務。,"馬光媽祖,櫻花大道周邊,聚落核心,水廁補給","https://www.google.com/maps/search/?api=1&query=23.676543,120.323412",
TMP-YL-018,在地宮廟聚落,土庫鎮,土庫都城隍廟,主祀: 城隍爺,23.691234,120.360543,雲林縣土庫鎮中正路,提供 (冷溫熱飲水機/飲水設備),提供 (公用香客洗手間),寬敞廟埕/遮陽休憩涼亭/單車停放空間,每日 06:00-21:00,在地信仰中心，廟埕寬廣，提供騎乘車友安靜的休整空間與水廁服務。,"老街周邊,城隍信仰,水廁提供","https://www.google.com/maps/search/?api=1&query=23.691234,120.360543",
TMP-YL-019,在地宮廟聚落,土庫鎮,秀潭奉天宮,主祀: 天上聖母,23.665123,120.351234,雲林縣土庫鎮秀潭里,提供 (冷溫熱飲水機/飲水設備),提供 (公用香客洗手間),寬敞廟埕/遮陽休憩涼亭/單車停放空間,每日 06:00-21:00,在地信仰中心，廟埕寬廣，提供騎乘車友安靜的休整空間與水廁服務。,"秀潭聚落,145縣道旁,安靜歇腳","https://www.google.com/maps/search/?api=1&query=23.665123,120.351234",
TMP-YL-020,在地宮廟聚落,北港鎮,北港後溝聖安宮,主祀: 楊府千歲,23.588912,120.285612,雲林縣北港鎮後溝里後溝路25號,提供 (冷溫熱飲水機/飲水設備),提供 (公用香客洗手間),寬敞廟埕/遮陽休憩涼亭/單車停放空間,每日 06:00-21:00,在地信仰中心，廟埕寬廣，提供騎乘車友安靜的休整空間與水廁服務。,"鄉村古廟,農村自行車,安靜歇腳,水廁提供","https://www.google.com/maps/search/?api=1&query=23.588912,120.285612",
TMP-YL-021,在地宮廟聚落,北港鎮,北港新街神農大帝廟,主祀: 神農大帝,23.589123,120.301234,雲林縣北港鎮新街里,提供 (冷溫熱飲水機/飲水設備),提供 (公用香客洗手間),寬敞廟埕/遮陽休憩涼亭/單車停放空間,每日 06:00-21:00,在地信仰中心，廟埕寬廣，提供騎乘車友安靜的休整空間與水廁服務。,"台19線旁,農業信仰,洗手間","https://www.google.com/maps/search/?api=1&query=23.589123,120.301234",
TMP-YL-022,在地宮廟聚落,北港鎮,好收代天府,主祀: 五府千歲,23.596781,120.273412,雲林縣北港鎮好收里,提供 (冷溫熱飲水機/飲水設備),提供 (公用香客洗手間),寬敞廟埕/遮陽休憩涼亭/單車停放空間,每日 06:00-21:00,在地信仰中心，廟埕寬廣，提供騎乘車友安靜的休整空間與水廁服務。,"好收聚落,外環道中繼,水廁補給","https://www.google.com/maps/search/?api=1&query=23.596781,120.273412",
TMP-YL-023,在地宮廟聚落,古坑鄉,古坑嘉興宮,主祀: 池府千歲,23.643214,120.563412,雲林縣古坑鄉中山路165號,提供 (冷溫熱飲水機/飲水設備),提供 (公用香客洗手間),寬敞廟埕/遮陽休憩涼亭/單車停放空間,每日 06:00-21:00,在地信仰中心，廟埕寬廣，提供騎乘車友安靜的休整空間與水廁服務。,"古坑街區,王爺信仰,爬坡補水,通風廟埕","https://www.google.com/maps/search/?api=1&query=23.643214,120.563412",
TMP-YL-024,在地宮廟聚落,古坑鄉,古坑草嶺受天宮,主祀: 玄天上帝,23.597812,120.696781,雲林縣古坑鄉草嶺村草嶺51號,提供 (冷溫熱飲水機/飲水設備),提供 (公用香客洗手間),寬敞廟埕/遮陽休憩涼亭/單車停放空間,每日 06:00-21:00,在地信仰中心，廟埕寬廣，提供騎乘車友安靜的休整空間與水廁服務。,"草嶺山岳,高山補給,玄天上帝,山道驛站","https://www.google.com/maps/search/?api=1&query=23.597812,120.696781",
TMP-YL-025,在地宮廟聚落,古坑鄉,東和建德寺地母廟,主祀: 地母至尊,23.635678,120.582145,雲林縣古坑鄉東和村建德路,提供 (冷溫熱飲水機/飲水設備),提供 (公用香客洗手間),寬敞廟埕/遮陽休憩涼亭/單車停放空間,每日 06:00-21:00,在地信仰中心，廟埕寬廣，提供騎乘車友安靜的休整空間與水廁服務。,"地母廟,特殊八卦亭,大型香客洗手間","https://www.google.com/maps/search/?api=1&query=23.635678,120.582145",
TMP-YL-026,在地宮廟聚落,古坑鄉,荷苞山建德寺,主祀: 觀音佛祖,23.651234,120.589123,雲林縣古坑鄉荷苞村,提供 (冷溫熱飲水機/飲水設備),提供 (公用香客洗手間),寬敞廟埕/遮陽休憩涼亭/單車停放空間,每日 06:00-21:00,在地信仰中心，廟埕寬廣，提供騎乘車友安靜的休整空間與水廁服務。,"桐花公園旁,山林古寺,水廁補給","https://www.google.com/maps/search/?api=1&query=23.651234,120.589123",
TMP-YL-027,在地宮廟聚落,林內鄉,林內九芎開復廟,主祀: 開山聖王,23.754123,120.618765,雲林縣林內鄉九芎村復興路1號,提供 (冷溫熱飲水機/飲水設備),提供 (公用香客洗手間),寬敞廟埕/遮陽休憩涼亭/單車停放空間,每日 06:00-21:00,在地信仰中心，廟埕寬廣，提供騎乘車友安靜的休整空間與水廁服務。,"開山聖王,九芎大廟,林蔭涼亭,冷熱飲水","https://www.google.com/maps/search/?api=1&query=23.754123,120.618765",
TMP-YL-028,在地宮廟聚落,林內鄉,林內濟公廟,主祀: 濟公活佛,23.760123,120.616781,雲林縣林內鄉,提供 (冷溫熱飲水機/飲水設備),提供 (公用香客洗手間),寬敞廟埕/遮陽休憩涼亭/單車停放空間,每日 06:00-21:00,在地信仰中心，廟埕寬廣，提供騎乘車友安靜的休整空間與水廁服務。,"市區周邊,濟公信仰,洗手間","https://www.google.com/maps/search/?api=1&query=23.760123,120.616781",
TMP-YL-029,在地宮廟聚落,莿桐鄉,莿桐天賢宮,主祀: 五府千歲,23.765412,120.536781,雲林縣莿桐鄉埔子村中正路28號,提供 (冷溫熱飲水機/飲水設備),提供 (公用香客洗手間),寬敞廟埕/遮陽休憩涼亭/單車停放空間,每日 06:00-21:00,在地信仰中心，廟埕寬廣，提供騎乘車友安靜的休整空間與水廁服務。,"莿桐外環,開闊廟埕,五府千歲,水廁友善","https://www.google.com/maps/search/?api=1&query=23.765412,120.536781",
TMP-YL-030,在地宮廟聚落,莿桐鄉,饒平樹仔腳天主堂 (特色教堂),主祀: 天主教,23.778123,120.562145,雲林縣莿桐鄉饒平村,提供 (冷溫熱飲水機/飲水設備),提供 (公用香客洗手間),寬敞廟埕/遮陽休憩涼亭/單車停放空間,每日 06:00-21:00,在地信仰中心，廟埕寬廣，提供騎乘車友安靜的休整空間與水廁服務。,"百年天主堂,特色建築,休憩點","https://www.google.com/maps/search/?api=1&query=23.778123,120.562145",
TMP-YL-031,在地宮廟聚落,大埤鄉,大埤三山國王廟,主祀: 三山國王,23.647123,120.432891,雲林縣大埤鄉大埤頭段民生路24號,提供 (冷溫熱飲水機/飲水設備),提供 (公用香客洗手間),寬敞廟埕/遮陽休憩涼亭/單車停放空間,每日 06:00-21:00,在地信仰中心，廟埕寬廣，提供騎乘車友安靜的休整空間與水廁服務。,"國定古蹟,三山國王,客家開墾,古蹟水廁","https://www.google.com/maps/search/?api=1&query=23.647123,120.432891",
TMP-YL-032,在地宮廟聚落,大埤鄉,大埤賜福宮,主祀: 天上聖母,23.645678,120.431234,雲林縣大埤鄉,提供 (冷溫熱飲水機/飲水設備),提供 (公用香客洗手間),寬敞廟埕/遮陽休憩涼亭/單車停放空間,每日 06:00-21:00,在地信仰中心，廟埕寬廣，提供騎乘車友安靜的休整空間與水廁服務。,"大埤市區,媽祖信仰,洗手間","https://www.google.com/maps/search/?api=1&query=23.645678,120.431234",
TMP-YL-033,在地宮廟聚落,二崙鄉,二崙大義田東崇遠堂 (張廖家廟),主祀: 張廖氏歷代先祖,23.774512,120.408912,雲林縣二崙鄉大義村大義路,提供 (冷溫熱飲水機/飲水設備),提供 (公用香客洗手間),寬敞廟埕/遮陽休憩涼亭/單車停放空間,每日 06:00-21:00,在地信仰中心，廟埕寬廣，提供騎乘車友安靜的休整空間與水廁服務。,"詔安客家,張廖宗祠,歷史建築,園區水廁","https://www.google.com/maps/search/?api=1&query=23.774512,120.408912",
TMP-YL-034,在地宮廟聚落,二崙鄉,二崙興國宮,主祀: 天上聖母,23.771234,120.415678,雲林縣二崙鄉,提供 (冷溫熱飲水機/飲水設備),提供 (公用香客洗手間),寬敞廟埕/遮陽休憩涼亭/單車停放空間,每日 06:00-21:00,在地信仰中心，廟埕寬廣，提供騎乘車友安靜的休整空間與水廁服務。,"二崙市區,媽祖廟,水廁齊備","https://www.google.com/maps/search/?api=1&query=23.771234,120.415678",
TMP-YL-035,在地宮廟聚落,崙背鄉,崙背奉天宮,主祀: 天上聖母,23.762145,120.357891,雲林縣崙背鄉正義路170號,提供 (冷溫熱飲水機/飲水設備),提供 (公用香客洗手間),寬敞廟埕/遮陽休憩涼亭/單車停放空間,每日 06:00-21:00,在地信仰中心，廟埕寬廣，提供騎乘車友安靜的休整空間與水廁服務。,"崙背媽祖,市區核心,酪農商圈,水廁齊備","https://www.google.com/maps/search/?api=1&query=23.762145,120.357891",
TMP-YL-036,在地宮廟聚落,崙背鄉,崙背天衡宮,主祀: 關聖帝君,23.765432,120.352145,雲林縣崙背鄉,提供 (冷溫熱飲水機/飲水設備),提供 (公用香客洗手間),寬敞廟埕/遮陽休憩涼亭/單車停放空間,每日 06:00-21:00,在地信仰中心，廟埕寬廣，提供騎乘車友安靜的休整空間與水廁服務。,"關聖帝君,廟埕寬廣,洗手間","https://www.google.com/maps/search/?api=1&query=23.765432,120.352145",
TMP-YL-037,在地宮廟聚落,麥寮鄉,麥寮拱範宮 (國定古蹟),主祀: 天上聖母,23.747812,120.255432,雲林縣麥寮鄉中正路3號,提供 (冷溫熱飲水機/飲水設備),提供 (公用香客洗手間),寬敞廟埕/遮陽休憩涼亭/單車停放空間,每日 06:00-21:00,在地信仰中心，廟埕寬廣，提供騎乘車友安靜的休整空間與水廁服務。,"國定古蹟,開山媽祖,麥寮老街,五星香客廁所","https://www.google.com/maps/search/?api=1&query=23.747812,120.255432",
TMP-YL-038,在地宮廟聚落,麥寮鄉,麥寮楊厝永安宮,主祀: 開山聖王,23.728912,120.235678,雲林縣麥寮鄉楊厝村楊厝路66號,提供 (冷溫熱飲水機/飲水設備),提供 (公用香客洗手間),寬敞廟埕/遮陽休憩涼亭/單車停放空間,每日 06:00-21:00,在地信仰中心，廟埕寬廣，提供騎乘車友安靜的休整空間與水廁服務。,"農村聚落,彩繪羊舍,開山聖王,水廁友善","https://www.google.com/maps/search/?api=1&query=23.728912,120.235678",
TMP-YL-039,在地宮廟聚落,麥寮鄉,光大寮聚寶宮,主祀: 蕭府太傅,23.731234,120.245678,雲林縣麥寮鄉光大寮,提供 (冷溫熱飲水機/飲水設備),提供 (公用香客洗手間),寬敞廟埕/遮陽休憩涼亭/單車停放空間,每日 06:00-21:00,在地信仰中心，廟埕寬廣，提供騎乘車友安靜的休整空間與水廁服務。,"蕭府太傅,王爺信仰,大型香客廁所","https://www.google.com/maps/search/?api=1&query=23.731234,120.245678",
TMP-YL-040,在地宮廟聚落,東勢鄉,東勢賜安宮,主祀: 三山國王/天上聖母,23.676123,120.255123,雲林縣東勢鄉東南村東勢東路1號,提供 (冷溫熱飲水機/飲水設備),提供 (公用香客洗手間),寬敞廟埕/遮陽休憩涼亭/單車停放空間,每日 06:00-21:00,在地信仰中心，廟埕寬廣，提供騎乘車友安靜的休整空間與水廁服務。,"東勢核心,賜安宮,大廟埕,水廁齊備","https://www.google.com/maps/search/?api=1&query=23.676123,120.255123",
TMP-YL-041,在地宮廟聚落,東勢鄉,安南鎮南宮,主祀: 玄天上帝,23.654123,120.231234,雲林縣東勢鄉安南村,提供 (冷溫熱飲水機/飲水設備),提供 (公用香客洗手間),寬敞廟埕/遮陽休憩涼亭/單車停放空間,每日 06:00-21:00,在地信仰中心，廟埕寬廣，提供騎乘車友安靜的休整空間與水廁服務。,"安南聚落,153縣道旁,洗手間","https://www.google.com/maps/search/?api=1&query=23.654123,120.231234",
TMP-YL-042,在地宮廟聚落,褒忠鄉,褒忠馬鳴山鎮安宮,主祀: 五年千歲,23.715678,120.311234,雲林縣褒忠鄉馬鳴村鎮安路31號,提供 (冷溫熱飲水機/飲水設備),提供 (公用香客洗手間),寬敞廟埕/遮陽休憩涼亭/單車停放空間,每日 06:00-21:00,在地信仰中心，廟埕寬廣，提供騎乘車友安靜的休整空間與水廁服務。,"五年千歲祖廟,奇石公園,特大園區,星級香客公廁","https://www.google.com/maps/search/?api=1&query=23.715678,120.311234",
TMP-YL-043,在地宮廟聚落,褒忠鄉,褒忠太湖長安宮,主祀: 天上聖母,23.691234,120.315678,雲林縣褒忠鄉,提供 (冷溫熱飲水機/飲水設備),提供 (公用香客洗手間),寬敞廟埕/遮陽休憩涼亭/單車停放空間,每日 06:00-21:00,在地信仰中心，廟埕寬廣，提供騎乘車友安靜的休整空間與水廁服務。,"市區周邊,媽祖信仰,洗手間","https://www.google.com/maps/search/?api=1&query=23.691234,120.315678",
TMP-YL-044,在地宮廟聚落,臺西鄉,臺西五條港安西府,主祀: 張李莫千歲,23.719812,120.176543,雲林縣臺西鄉五港村中央路76號,提供 (冷溫熱飲水機/飲水設備),提供 (公用香客洗手間),寬敞廟埕/遮陽休憩涼亭/單車停放空間,每日 06:00-21:00,在地信仰中心，廟埕寬廣，提供騎乘車友安靜的休整空間與水廁服務。,"張李莫祖廟,五條港地標,超大香客廁所,冰溫熱水","https://www.google.com/maps/search/?api=1&query=23.719812,120.176543",
TMP-YL-045,在地宮廟聚落,臺西鄉,臺西萬安宮,主祀: 保生大帝,23.702891,120.198123,雲林縣臺西鄉台西村民族路32號,提供 (冷溫熱飲水機/飲水設備),提供 (公用香客洗手間),寬敞廟埕/遮陽休憩涼亭/單車停放空間,每日 06:00-21:00,在地信仰中心，廟埕寬廣，提供騎乘車友安靜的休整空間與水廁服務。,"保生大帝,海口老街,聚落信仰,水廁提供","https://www.google.com/maps/search/?api=1&query=23.702891,120.198123",
TMP-YL-046,在地宮廟聚落,臺西鄉,溪頂明立古廟,主祀: 觀世音菩薩,23.725678,120.185678,雲林縣臺西鄉溪頂村,提供 (冷溫熱飲水機/飲水設備),提供 (公用香客洗手間),寬敞廟埕/遮陽休憩涼亭/單車停放空間,每日 06:00-21:00,在地信仰中心，廟埕寬廣，提供騎乘車友安靜的休整空間與水廁服務。,"溪頂聚落,安靜休息,水廁補給","https://www.google.com/maps/search/?api=1&query=23.725678,120.185678",
TMP-YL-047,在地宮廟聚落,元長鄉,元長鰲峰宮,主祀: 保生大帝,23.648123,120.315123,雲林縣元長鄉元長村中山路70號,提供 (冷溫熱飲水機/飲水設備),提供 (公用香客洗手間),寬敞廟埕/遮陽休憩涼亭/單車停放空間,每日 06:00-21:00,在地信仰中心，廟埕寬廣，提供騎乘車友安靜的休整空間與水廁服務。,"鰲峰宮,保生大帝,市區核心,水廁補給","https://www.google.com/maps/search/?api=1&query=23.648123,120.315123",
TMP-YL-048,在地宮廟聚落,元長鄉,客厝鄉安宮,主祀: 天上聖母,23.621234,120.285612,雲林縣元長鄉客厝村,提供 (冷溫熱飲水機/飲水設備),提供 (公用香客洗手間),寬敞廟埕/遮陽休憩涼亭/單車停放空間,每日 06:00-21:00,在地信仰中心，廟埕寬廣，提供騎乘車友安靜的休整空間與水廁服務。,"客厝聚落,農村大廟,洗手間","https://www.google.com/maps/search/?api=1&query=23.621234,120.285612",
TMP-YL-049,在地宮廟聚落,四湖鄉,四湖參天宮,主祀: 關聖帝君,23.638912,120.226781,雲林縣四湖鄉四湖村關聖路87號,提供 (冷溫熱飲水機/飲水設備),提供 (公用香客洗手間),寬敞廟埕/遮陽休憩涼亭/單車停放空間,每日 06:00-21:00,在地信仰中心，廟埕寬廣，提供騎乘車友安靜的休整空間與水廁服務。,"關聖帝君,四湖地標,香火鼎盛,超大香客廁所","https://www.google.com/maps/search/?api=1&query=23.638912,120.226781",
TMP-YL-050,在地宮廟聚落,四湖鄉,四湖三條崙海清宮,主祀: 閻羅天子,23.652145,120.154123,雲林縣四湖鄉海清路93號,提供 (冷溫熱飲水機/飲水設備),提供 (公用香客洗手間),寬敞廟埕/遮陽休憩涼亭/單車停放空間,每日 06:00-21:00,在地信仰中心，廟埕寬廣，提供騎乘車友安靜的休整空間與水廁服務。,"包公祖廟,黑森林起點,五星級水廁,濱海大廟","https://www.google.com/maps/search/?api=1&query=23.652145,120.154123",
TMP-YL-051,在地宮廟聚落,四湖鄉,內湖廣安宮,主祀: 天上聖母,23.645678,120.201234,雲林縣四湖鄉內湖村,提供 (冷溫熱飲水機/飲水設備),提供 (公用香客洗手間),寬敞廟埕/遮陽休憩涼亭/單車停放空間,每日 06:00-21:00,在地信仰中心，廟埕寬廣，提供騎乘車友安靜的休整空間與水廁服務。,"內湖聚落,160縣道旁,洗手間","https://www.google.com/maps/search/?api=1&query=23.645678,120.201234",
TMP-YL-052,在地宮廟聚落,口湖鄉,口湖下崙福安宮,主祀: 丁府八千歲,23.626123,120.160891,雲林縣口湖鄉崙中村福安路22號,提供 (冷溫熱飲水機/飲水設備),提供 (公用香客洗手間),寬敞廟埕/遮陽休憩涼亭/單車停放空間,每日 06:00-21:00,在地信仰中心，廟埕寬廣，提供騎乘車友安靜的休整空間與水廁服務。,"丁府八千歲,台17線旁,避風歇腳,香客水廁","https://www.google.com/maps/search/?api=1&query=23.626123,120.160891",
TMP-YL-053,在地宮廟聚落,口湖鄉,口湖金湖萬善爺廟,主祀: 萬善爺,23.608912,120.156781,雲林縣口湖鄉港東村萬善爺廟,提供 (冷溫熱飲水機/飲水設備),提供 (公用香客洗手間),寬敞廟埕/遮陽休憩涼亭/單車停放空間,每日 06:00-21:00,在地信仰中心，廟埕寬廣，提供騎乘車友安靜的休整空間與水廁服務。,"牽水𦬨文化,萬善爺廟,濱海車道,水廁齊備","https://www.google.com/maps/search/?api=1&query=23.608912,120.156781",
TMP-YL-054,在地宮廟聚落,口湖鄉,成龍安龍宮,主祀: 李府千歲,23.578912,120.165432,雲林縣口湖鄉成龍村,提供 (冷溫熱飲水機/飲水設備),提供 (公用香客洗手間),寬敞廟埕/遮陽休憩涼亭/單車停放空間,每日 06:00-21:00,在地信仰中心，廟埕寬廣，提供騎乘車友安靜的休整空間與水廁服務。,"成龍濕地旁,王爺信仰,水廁提供","https://www.google.com/maps/search/?api=1&query=23.578912,120.165432",
TMP-YL-055,在地宮廟聚落,水林鄉,水林順天宮 (番薯厝媽祖),主祀: 天上聖母 (番薯寮媽),23.551234,120.261234,雲林縣水林鄉蕃薯村蕃薯厝102號,提供 (冷溫熱飲水機/飲水設備),提供 (公用香客洗手間),寬敞廟埕/遮陽休憩涼亭/單車停放空間,每日 06:00-21:00,在地信仰中心，廟埕寬廣，提供騎乘車友安靜的休整空間與水廁服務。,"蕃薯寮媽,黃金番薯,百年大廟,香客水廁","https://www.google.com/maps/search/?api=1&query=23.551234,120.261234",
TMP-YL-056,在地宮廟聚落,水林鄉,水林安和宮,主祀: 神農大帝,23.562145,120.231234,雲林縣水林鄉車港村車港路,提供 (冷溫熱飲水機/飲水設備),提供 (公用香客洗手間),寬敞廟埕/遮陽休憩涼亭/單車停放空間,每日 06:00-21:00,在地信仰中心，廟埕寬廣，提供騎乘車友安靜的休整空間與水廁服務。,"七角井旁,顏思齊古蹟,神農大帝,農村秘境","https://www.google.com/maps/search/?api=1&query=23.562145,120.231234",
TMP-YL-057,在地宮廟聚落,水林鄉,水林七星宮,主祀: 七星娘娘,23.575678,120.246781,雲林縣水林鄉,提供 (冷溫熱飲水機/飲水設備),提供 (公用香客洗手間),寬敞廟埕/遮陽休憩涼亭/單車停放空間,每日 06:00-21:00,在地信仰中心，廟埕寬廣，提供騎乘車友安靜的休整空間與水廁服務。,"特色信仰,安靜小廟,洗手間","https://www.google.com/maps/search/?api=1&query=23.575678,120.246781",
